ID,Culture_code,Culture_code_Arc,Culture_name,Continent,Subsistence_type,Calendar_name,Inclusion_status,Reason_for_exclusion,Sources
AA01,AA01,NA,Korea,Asia,Intensive Agriculturalists,Korean calendar,Included,Not excluded,"Dallet, C. (1874). A history of the church in Korea (Vol. 1; C. A. Messner, Trans.). Victor Palmé. https://ehrafworldcultures.yale.edu/document?id=aa01-049

Dershowitz, N., & Reingold, E. M. (2018). Calendrical calculations: The ultimate edition (4th ed.). Cambridge University Press.

Dix, G. (1987). The New Year's ritual and village social structure. In L. Kendall & G. Dix (Eds.), Religion and ritual in Korean society (pp. 93–117). Institute of East Asian Studies, University of California. https://ehrafworldcultures.yale.edu/document?id=aa01-076

Han, C. C. (1970). Social organization of Upper Han Hamlet in Korea [Doctoral dissertation]. University Microfilms. https://ehrafworldcultures.yale.edu/cultures/aa01/documents/056

Manthe, U. (2004). [Review of the book Antikes chinesisches Kalenderwesen, by R. H. Gassmann]. Early China, 29, 303–321. https://doi.org/10.1017/S0362502800007148

Moose, J. R. (1911). Village life in Korea. M. E. Church. https://ehrafworldcultures.yale.edu/cultures/aa01/documents/004"
AB06,AB06,NA,Ainu,Asia,Hunter-gatherers,Ainu calendar,Included,Not excluded,"Nilsson, M. P. (1920). Primitive time-reckoning: A study in the origins and first development of the art of counting time among the primitive and early culture peoples. C. W. K. Gleerup.

Watanabe, H. (1964). The Ainu: A study of ecology and the system of social solidarity between man and nature in relation to group structure. Journal of the Faculty of Science, University of Tokyo, Section V (Anthropology), 2, 1–164. https://ehrafworldcultures.yale.edu/document?id=ab06-011

Ohnuki-Tierney, E. (1973). Sakhalin Ainu time reckoning. Man, 8(2), 285–299. "
AB43,AB43,NA,Japanese Okayama,Asia,Intensive Agriculturalists,Old Japanese (Okayama) calendar,Excluded,Partially missing data on some calendar units,"Beardsley, R. K., Hall, J. W., & Ward, R. E. (1972). Village Japan. University of Chicago Press. https://ehrafworldcultures.yale.edu/document?id=ab43-001"
AC07,AC07,NA,Okinawans,Asia,Intensive Agriculturalists,Okinawan calendar,Excluded,Fully missing data on our six specific calendar units,"Pitts, F. R., Lebra, W. P., & Suttles, W. P. (1955). Post-war Okinawa (Scientific Investigations in the Ryukyu Islands). National Research Council, Pacific Science Board. https://ehrafworldcultures.yale.edu/document?id=ac07-003"
AD05,AD05,NA,Taiwan Hokkien,Asia,Intensive Agriculturalists,Taiwan Hokkien calendar,Excluded,Fully missing data on our six specific calendar units,"Gallin, B. (1966). Hsin Hsing, Taiwan: A Chinese village in change. University of California Press. https://ehrafworldcultures.yale.edu/document?id=ad05-001"
AE04,AE04,NA,Yi,Asia,Intensive Agriculturalists,Yi calendar,Excluded,Partially missing data on some calendar units,"Graham, D. C. (1930). The Lolo of Szechuan Province, China. American Anthropologist, 32(4), 703-705. https://ehrafworldcultures.yale.edu/document?id=ae04-007 

Lin, Y. (1947). The Lolo of Liang-shan (J. S. Pan, Trans.). Commercial Press. https://ehrafworldcultures.yale.edu/document?id=ae04-001 

Tseng, C., & Yeu, J. M. (1945). The Lolo district in Liang-Shan. In A selection from an account of investigation trip to Liang-Shan (pp. 1-53). https://ehrafworldcultures.yale.edu/document?id=ae04-006"
AE05,AE05,NA,Miao,Asia,Intensive Agriculturalists,Miao calendar,Excluded,Fully missing data on our six specific calendar units,"Wu, C.-L., Ch'en, K.-C., et al. (1942). Studies of Miao-I societies in Kweichow (L.-E. Tsao, Trans.). Wen-t'ung Book Co. https://ehrafworldcultures.yale.edu/document?id=ae05-012

Graham, D. C. (1937). The customs of the Ch'uan Miao. Journal of the West China Border Research Society, 9, 13–70. https://ehrafworldcultures.yale.edu/document?id=ae05-008"
AE15,AE15,NA,Chinese (Qing dynasty),Asia,Intensive Agriculturalists,Chinese (Chongzhen) calendar,Included,Not excluded,"Chinese calendar. (2025, December 10). In Wikipedia. https://en.wikipedia.org/wiki/Chinese_calendar

Chongzhen calendar. (2025, December 10). In Wikipedia. https://en.wikipedia.org/wiki/Chongzhen_calendar

Dershowitz, N., & Reingold, E. M. (2018). Calendrical calculations: The ultimate edition (4th ed.). Cambridge University Press.

Fei, H. (1946). Peasant life in China: A field study of country life in the Yangtze Valley. Oxford University Press. https://ehrafworldcultures.yale.edu/document?id=ae15-014"
AH01_A,AH01,NA,Mongolia,Asia,Pastoralists,Mongolian lunisolar calendar,Included,Not excluded,"Atwood, C. P. (2002). Young Mongols and vigilantes in Inner Mongolia's interregnum decades, 1911–1931 (Vol. 2). Brill. https://doi.org/10.1163/9789004531291

Maiskii, I. M. (1921). Contemporary Mongolia (Mrs. Dayton & J. Kunitz, Trans.). Gosudarstvennoe izdatel'stvo, Irkutskoe otdelenie. https://ehrafworldcultures.yale.edu/document?id=ah01-014

Mongolian calendar. (2026, March 20). In Wikipedia. https://en.wikipedia.org/w/index.php?title=Mongolian_calendar&oldid=1360710355

Vreeland, H. H. (1973). Mongol community and kinship structure. Greenwood Press. https://ehrafworldcultures.yale.edu/document?id=ah01-016"
AH01_B,AH01,NA,Mongolia,Asia,Pastoralists,Mongolian solar calendar,Excluded,Fully missing data on our six specific calendar units,"Atwood, C. P. (2002). Young Mongols and vigilantes in Inner Mongolia's interregnum decades, 1911-1931 (Vol. 2). Brill. https://doi.org/10.1163/9789004531291"
AH06,AH06,NA,Inner Mongolia,Asia,Agro-Pastoralists,Inner Mongolia calendar,Excluded,Fully missing data on our six specific calendar units,"Far Eastern and Russian Institute, University of Washington. (1956). A regional handbook of the Inner Mongolia Autonomous Region (HRAF Subcontractor's Monograph). Human Relations Area Files. https://ehrafworldcultures.yale.edu/document?id=ah06-001"
AI01,AI01,NA,Xinjiang Uygur Autonomous Region,Asia,Intensive Agriculturalists,Xinjiang Uygur calendar,Excluded,Fully missing data on our six specific calendar units,"Rahman, A. (2005). Sinicization beyond the Great Wall: China's Xinjiang Uighur Autonomous Region. Matador. https://ehrafworldcultures.yale.edu/document?id=ai01-007"
AJ01,AJ01,NA,Tibetans,Asia,Intensive Agriculturalists,Tibetan (Phuglugs version of Kālacakra) calendar,Included,Not excluded,"Dershowitz, N., & Reingold, E. M. (2018). Calendrical calculations: The ultimate edition (4th ed.). Cambridge University Press.

Henning, E. (2007). Kālacakra and the Tibetan calendar. American Institute of Buddhist Studies.

Rockhill, W. W. (1895). Notes on the ethnology of Tibet. In Report of the U.S. National Museum for 1893 (pp. 665–747). Smithsonian Institution. https://ehrafworldcultures.yale.edu/document?id=aj01-011

Shên, T.-L., Liu, S.-C., & Taylor, G. E. (1953). Tibet and the Tibetans. Stanford University Press. https://ehrafworldcultures.yale.edu/document?id=aj01-001"
AK05,AK05,NA,Lepcha,Asia,Intensive Agriculturalists,Lepcha calendar,Included,Not excluded,"Gorer, G., & Hutton, J. H. (1938). Himalayan village: An account of the Lepchas of Sikkim. Michael Joseph. https://ehrafworldcultures.yale.edu/document?id=ak05-001

Morris, J. (1938). Living with Lepchas: A book about the Sikkim Himalayas. William Heinemann. https://ehrafworldcultures.yale.edu/document?id=ak05-002

Siiger, H. (1967). The Lepchas: Culture and religion of a Himalayan people, part 1 (Nationalmuseets skrifter, Etnografisk række, Vol. 11). National Museum of Denmark. https://ehrafworldcultures.yale.edu/document?id=ak05-013"
AK06,AK06,NA,Sherpa,Asia,Agro-Pastoralists,Sherpa calendar,Excluded,Fully missing data on our six specific calendar units,"Stevens, S. F. (1990). Sherpa settlement and subsistence: Cultural ecology and history in highland Nepal [Doctoral dissertation]. University Microfilms International. https://ehrafworldcultures.yale.edu/document?id=ak06-013"
AM04,AM04,NA,Cambodians,Asia,Intensive Agriculturalists,Khmer calendar,Included,Not excluded,"Aymonier, E. (1953). Cambodia: Vol. 1. The modern kingdom (M. Thompson, Trans.). Human Relations Area Files. https://ehrafworldcultures.yale.edu/document?id=am04-147

Eade, J. C. (1995). The calendrical systems of mainland South-East Asia. Brill.

Leclère, A. (1956). The Buddhism of Cambodia (R. von Scheliha, Trans.). Human Relations Area Files. https://ehrafworldcultures.yale.edu/cultures/am04/documents/148

Martini, F. (1953). The Cambodian bonze (A. Szogyi, Trans.). France-Asie, 4, 881–888. https://ehrafworldcultures.yale.edu/document?id=am04-141

Porée, G., & Porée-Maspero, E. (1952). Traditions and customs of the Khmer (K. Botsford, Trans.; Collection de documents et de témoignages pour servir à l'histoire de notre temps). Human Relations Area Files. https://ehrafworldcultures.yale.edu/document?id=am04-083"
AM11,AM11,NA,Vietnamese,Asia,Intensive Agriculturalists,Vietnamese calendar,Excluded,Partially missing data on some calendar units,"Dumont, R. (1935). Rice growing in the Tonkin delta (C. A. Messner, Trans.). Societe d'Editions Geographiques, Maritimes et Coloniales. https://ehrafworldcultures.yale.edu/document?id=am11-107 

Gourou, P. (1936). The peasants of the Tonkin delta: A study in human geography (R. R. Miller, Trans.). Les Editions d'Art et d'Histoire. https://ehrafworldcultures.yale.edu/cultures/am11/documents/001 

Huard, P., & Durand, M. (n.d.). Viet-Nam, civilization and culture. Imprimerie Nationale; Ecole Francaise d'Extreme-Orient. https://ehrafworldcultures.yale.edu/document?id=am11-179 

Luro, E. (1878). The country of Annam: A study of the political and social organisation of the Annamese (C. A. Lopez, Trans.). Ernest Leroux. https://ehrafworldcultures.yale.edu/document?id=am11-065"
AM28,AM28,NA,Rmeet,Asia,Horticulturalists,Rmeet calendar,Excluded,Partially missing data on some calendar units,"Izikowitz, K. G. (1951). Lamet: Hill peasants in French Indochina (Etnologiska Studier). Etnografiska Museet. https://ehrafworldcultures.yale.edu/cultures/am28/documents/001 

Izikowitz, K. G. (1985). Fastening the soul: Some religious traits among the Lamet (French Indochina). In Compass for fields afar: Essays in social anthropology (pp. 212-257). Acta Universitatis Gothoburgensis. https://ehrafworldcultures.yale.edu/cultures/am28/documents/004"
AN05,AN05,NA,Malays,Asia,Intensive Agriculturalists,Malay calendar,Excluded,Fully missing data on our six specific calendar units,"Wilkinson, R. J. (1920). Life and customs: The incidents of Malay life (Papers on Malay Subjects). Kelly and Walsh. https://ehrafworldcultures.yale.edu/document?id=an05-018 

Wilkinson, R. J. (1925). Life and customs: Malay amusements (Papers on Malay Subjects). F.M.S. Government Press. https://ehrafworldcultures.yale.edu/document?id=an05-020 

Winstedt, R. (1961). The Malay magician: Being shaman, Saiva and Sufi. Routledge and Kegan Paul. https://ehrafworldcultures.yale.edu/document?id=an05-137"
AN06,AN06,NA,Semai,Asia,Horticulturalists,Semai calendar,Excluded,Fully missing data on our six specific calendar units,"Dentan, R. K. (1988). Some Senoi Semai dietary restrictions: A study of food behavior in a Malay hill tribe [Doctoral dissertation]. University Microfilms International. https://ehrafworldcultures.yale.edu/document?id=an06-007"
AO07_A,AO07,NA,Central Thai,Asia,Intensive Agriculturalists,Central Thai calendar,Included,Not excluded,"Eade, J. C. (1995). The calendrical systems of mainland South-East Asia. Brill.

Sharp, L., & Hanks, L. M. (1978). Bang Chan: Social history of a rural community in Thailand (Cornell Studies in Anthropology). Cornell University Press. https://ehrafworldcultures.yale.edu/document?id=ao07-008

Terwiel, B. J. (1975). Monks and magic: An analysis of religious ceremonies in central Thailand (Scandinavian Institute of Asian Studies Monograph Series No. 24). Studentlitteratur; Curzon Press. https://ehrafworldcultures.yale.edu/document?id=ao07-019"
AO07_B,AO07,NA,Thai,Asia,Intensive Agriculturalists,Thai solar calendar,Included,Not excluded,"List of calendars. (2025, August 21). In Wikipedia. https://en.wikipedia.org/wiki/List_of_calendars

Thai solar calendar. (2025, August 21). In Wikipedia. https://en.wikipedia.org/wiki/Thai_solar_calendar

Quaritch Wales, H. G. (1931). Siamese state ceremonies: Their history and function. Bernard Quaritch."
AP04_A,AP04,NA,Burmese,Asia,Intensive Agriculturalists,Burmese calendar,Included,Not excluded,"Ferrars, M., & Ferrars, B. (1901). Burma. Sampson Low, Marston. https://ehrafworldcultures.yale.edu/document?id=ap04-025

Gislén, L., & Eade, J. C. (2019). The calendars of Southeast Asia. 2: Burma, Thailand, Laos and Cambodia. Journal of Astronomical History and Heritage, 22(3), 417–430.

Scott, J. G. (1910). The Burman: His life and notions. Macmillan. https://ehrafworldcultures.yale.edu/document?id=ap04-002"
AP04_B,AP04,NA,Burmans,Asia,Intensive Agriculturalists,Burmese (Chula Sakarat) calendar,Excluded,Partially missing data on some calendar units,"Chula Sakarat. (2025, August 21). In Wikipedia. https://en.wikipedia.org/wiki/Chula_Sakarat"
AP06,AP06,NA,Kachin,Asia,Horticulturalists,Kachin calendar,Included,Not excluded,"Hanson, O. (1913). The Kachins: Their customs and traditions. American Baptist Mission Press.

Wang, Z. (1997). The Jingpo: Kachin of the Yunnan Plateau (Program for Southeast Asian Studies Monograph Series). Program for Southeast Asian Studies, Arizona State University. https://ehrafworldcultures.yale.edu/document?id=ap06-032"
AP07,AP07,NA,Karen,Asia,Other Subsistence Combinations,Karen calendar,Included,Not excluded,"Marshall, H. I. (1922). The Karen people of Burma: A study in anthropology and ethnology (Ohio State University Bulletin, Vol. 26, No. 13). Ohio State University Press. https://ehrafworldcultures.yale.edu/document?id=ap07-019

Rajah, A. (2008). Remaining Karen: A study of cultural reproduction and the maintenance of identity. ANU E Press. https://ehrafworldcultures.yale.edu/document?id=ap07-032"
AR05,AR05,NA,Garo,Asia,Horticulturalists,Garo calendar,Excluded,Partially missing data on some calendar units,"Burling, R. (1963). Rengsanggri: Family and kinship in a Garo village. University of Pennsylvania Press. https://ehrafworldcultures.yale.edu/document?id=ar05-001 

Rongmuthu, D. S. (1960). The folk-tales of the Garos (Publication No. 4). University of Gauhati, Department of Publications. https://ehrafworldcultures.yale.edu/document?id=ar05-009 

Sangma, V. S. B. (1995). Garo folk literature. In Hill societies, their modernisation: A study of north east with special reference to Garo Hills (pp. 156-164). Omsons Publications. https://ehrafworldcultures.yale.edu/document?id=ar05-033"
AR07,AR07,NA,Khasi,Asia,Agro-Pastoralists,Khasi calendar,Excluded,Partially missing data on some calendar units,"Banerjee, S. (1962). The Khasi festival of 'Pomblang.' In Bulletin (No. 1, pp. 53-59). https://ehrafworldcultures.yale.edu/document?id=ar07-017 

Gurdon, P. R. T. (1907). The Khasis. David Nutt. https://ehrafworldcultures.yale.edu/document?id=ar07-001"
AR20,AR20,NA,Mara,Asia,Horticulturalists,Mara calendar,Excluded,Partially missing data on some calendar units,"Parry, N. E. (1932). The Lakhers (J. H. Hutton, Ed.). Macmillan. https://ehrafworldcultures.yale.edu/cultures/ar20/documents/001"
AT03,AT03,NA,West Punjabi,Asia,Intensive Agriculturalists,West Punjabi calendar,Excluded,Fully missing data on our six specific calendar units,"Eglar, Z. S. (1960). A Punjabi village in Pakistan. Columbia University Press. https://ehrafworldcultures.yale.edu/cultures/at03/documents/007"
AU04,AU04,NA,Pashtun,Asia,Intensive Agriculturalists,Pashtun calendar,Excluded,Partially missing data on some calendar units,"Ahmed, A. S. (1980). Pukhtun economy and society: Traditional structure and economic development in a tribal society (International Library of Anthropology). Routledge & Kegan Paul. https://ehrafworldcultures.yale.edu/document?id=au04-001"
AV04,AV04,NA,Kashmiri,Asia,Commercial Economy,Kashmiri calendar,Excluded,Fully missing data on our six specific calendar units,"Lawrence, W. R. (1895). The valley of Kashmir. Oxford University Press. https://ehrafworldcultures.yale.edu/cultures/av04/documents/001"
AV07,AV07,NA,Burusho,Asia,Intensive Agriculturalists,Burusho calendar,Excluded,Partially missing data on some calendar units,"Lorimer, D. L. R. (1935). The Burushaski language: Vol. 2. Texts and translations (Instituttet for Sammenlignende Kulturforskning, Serie B: Skrifter). H. Aschehoug; Harvard University Press. https://ehrafworldcultures.yale.edu/document?id=av07-004"
AW11,AW11,NA,Kerala,Asia,Intensive Agriculturalists,Kerala (Kollam) calendar,Excluded,Fully missing data on our six specific calendar units,"Parpola, M. (2000). Kerala Brahmins in transition: A study of a Namputiri family (Studia Orientalia). Finnish Oriental Society. https://ehrafworldcultures.yale.edu/cultures/aw11/documents/015"
AW16,AW16,NA,Tamil,Asia,Intensive Agriculturalists,Tamil calendar,Included,Not excluded,"Beck, B. E. F. (1972). Peasant society in Konku: A study of right and left subcastes in south India. University of British Columbia Press. https://ehrafworldcultures.yale.edu/document?id=aw16-011

Chatterjee, S. K. (1998). Indian calendric system. Publications Division, Ministry of Information and Broadcasting, Government of India.

Nambiar, P. K., & Murari, P. (1964). Vilpatti (Census of India 1961, Vol. 9, Pt. 5). Manager of Publications. https://ehrafworldcultures.yale.edu/document?id=aw16-015"
AW17,AW17,NA,Telugu,Asia,Intensive Agriculturalists,Telugu lunar calendar,Excluded,Partially missing data on some calendar units,"Dube, S. C. (1955). Indian village. Cornell University Press. https://ehrafworldcultures.yale.edu/document?id=aw17-001 

Tapper, B. E. (1987). Rivalry and tribute: Society and ritual in a Telegu village in South India (Studies in Sociology and Social Anthropology). Hindustan Publishing. https://ehrafworldcultures.yale.edu/document?id=aw17-002"
AW25,AW25,NA,Bhil,Asia,Agro-Pastoralists,Bhil calendar,Excluded,Partially missing data on some calendar units,"Naik, T. B. (1956). The Bhils: A study. Bharatiya Adimjati Sevak Sangh. https://ehrafworldcultures.yale.edu/document?id=aw25-004"
AW32,AW32,NA,Gond,Asia,Other Subsistence Combinations,Gond calendar,Excluded,Partially missing data on some calendar units,"Grigson, W. V. (1949). The Maria Gonds of Bastar (2nd ed.). Oxford University Press. https://ehrafworldcultures.yale.edu/document?id=aw32-001"
AW37,AW37,NA,Kol,Asia,Intensive Agriculturalists,Kol calendar,Excluded,Fully missing data on our six specific calendar units,"Griffiths, W. G. (1946). The Kol tribe of central India (Royal Asiatic Society of Bengal Monograph Series, Vol. 2). Royal Asiatic Society of Bengal. https://ehrafworldcultures.yale.edu/document?id=aw37-001"
AW42,AW42,NA,Santal,Asia,Intensive Agriculturalists,Santal calendar,Excluded,Partially missing data on some calendar units,"Culshaw, W. J. (1949). Tribal heritage: A study of the Santals (Missionary Research Series No. 15). Lutterworth Press. https://ehrafworldcultures.yale.edu/cultures/aw42/documents/005"
AW50,AW50,NA,Badaga,Asia,Intensive Agriculturalists,Badaga calendar,Excluded,Partially missing data on some calendar units,"Hockings, P. (2001). Mortuary ritual of the Badagas of southern India. Fieldiana: Anthropology, (32), 1-72. https://ehrafworldcultures.yale.edu/document?id=aw50-010"
AW60,AW60,NA,Toda,Asia,Pastoralists,Toda calendar,Excluded,Partially missing data on some calendar units,"Rivers, W. H. R. (1906). The Todas. Macmillan. https://ehrafworldcultures.yale.edu/document?id=aw60-001"
AW69,AW69,NA,Bengali,Asia,Intensive Agriculturalists,Bengali calendar,Excluded,Partially missing data on some calendar units,"Ali, S. A. (2012). Bangabda. In S. Islam & A. A. Jamal (Eds.), Banglapedia: National encyclopedia of Bangladesh (2nd ed.). Asiatic Society of Bangladesh. 

Klass, M. (1978). From field to factory: Community structure and industrialization in West Bengal. Institute for the Study of Human Issues. https://ehrafworldcultures.yale.edu/document?id=aw69-007 

Ostor, A. (1980). The play of the gods: Locality, ideology, structure, and time in the festivals of a Bengali town. University of Chicago Press. https://ehrafworldcultures.yale.edu/document?id=aw69-004"
AX04,AX04,NA,Sinhalese,Asia,Intensive Agriculturalists,Sinhalese calendar,Excluded,Fully missing data on our six specific calendar units,"Leach, E. R. (1961). Pul Eliya, a village in Ceylon: A study of land tenure and kinship. Cambridge University Press. https://ehrafworldcultures.yale.edu/document?id=ax04-001"
AX05,AX05,NA,Vedda,Asia,Hunter-gatherers,Vedda calendar,Excluded,Fully missing data on our six specific calendar units,"Bailey, J. (1863). An account of the wild tribes of the Veddahs of Ceylon: Their habits, customs, and superstitions. Transactions of the Ethnological Society of London, 2, 278-320. https://ehrafworldcultures.yale.edu/document?id=ax05-002"
AZ02,AZ02,NA,Andamans,Asia,Hunter-gatherers,Andamanese calendar,Included,Not excluded,"Cipriani, L. (1966). The Andaman Islanders (D. T. Cox, Ed. & Trans.). Frederick A. Praeger. https://ehrafworldcultures.yale.edu/document?id=az02-011

Man, E. H. (1932). On the aboriginal inhabitants of the Andaman Islands. Royal Anthropological Institute of Great Britain and Ireland. https://ehrafworldcultures.yale.edu/document?id=az02-002

Radcliffe-Brown, A. R. (1922). The Andaman Islanders: A study in social anthropology. Cambridge University Press. https://ehrafworldcultures.yale.edu/document?id=az02-001"
AZ07,AZ07,NA,Nicobarese,Asia,Other Subsistence Combinations,Nicobarese calendar,Excluded,Partially missing data on some calendar units,"Man, E. H. (1932). The Nicobar Islands and their people (D. Prain & A. F. Man, Eds.). Royal Anthropological Institute of Great Britain and Ireland. https://ehrafworldcultures.yale.edu/document?id=az07-001 

Whitehead, G. (1924). In the Nicobar Islands: The record of a lengthy sojourn in islands of sunshine & palms amongst a people primitive in their habits & beliefs & simple in their manner of living, with a description of their customs & religious ceremonies & an account of their superstitions, traditions, & folklore. Seeley, Service. https://ehrafworldcultures.yale.edu/document?id=az07-002"
EF06,EF06,NA,Serbs,Europe,Intensive Agriculturalists,Serb calendar,Excluded,Partially missing data on some calendar units,"Spangler, M. A. (1979). Time and social change in a Yugoslav city [Doctoral dissertation]. Xerox University Microfilms. https://ehrafworldcultures.yale.edu/document?id=ef06-027"
EF09,EF09,NA,Bosnian Muslims,Europe,Commercial Economy,Bosnian Muslim calendar,Excluded,Fully missing data on our six specific calendar units,"Donia, R. J. (1986). Islam under the double eagle: The Muslims of Bosnia and Herzegovina, 1878-1914 (East European Monographs No. 78). Columbia University Press. https://ehrafworldcultures.yale.edu/document?id=ef09-007"
EH01_A,EH01,NA,Athenians,Europe,Intensive Agriculturalists,Attic (lunisolar festival) calendar,Included,Not excluded,"Hannah, R. (2005). Greek and Roman calendars: Constructions of time in the classical world. Duckworth.

Stern, S. (2012). Calendars in antiquity: Empires, states, and societies. Oxford University Press."
EH01_B,EH01,NA,Macedonians,Europe,Intensive Agriculturalists,Ancienct Macedonian calendar,Excluded,Partially missing data on some calendar units,"McLean, B. H. (2002). An introduction to Greek epigraphy of the Hellenistic and Roman periods from Alexander the Great down to the reign of Constantine (323 B.C.-A.D. 337). University of Michigan Press."
EI09_A,EI09,NA,Romans,Europe,Intensive Agriculturalists,Julian calendar,Included,Not excluded,"Carcopino, J. (1940). Daily life in ancient Rome: The people and the city at the height of the empire (H. T. Rowell, Ed.; E. O. Lorimer, Trans.). Yale University Press. https://ehrafworldcultures.yale.edu/document?id=ei09-001

Columella, L. J. M. (1960). On agriculture: Vol. 1. Res rustica I–IV (H. B. Ash, Trans.; Loeb Classical Library). Harvard University Press; William Heinemann. https://ehrafworldcultures.yale.edu/document?id=ei09-006

Dershowitz, N., & Reingold, E. M. (2018). Calendrical calculations: The ultimate edition (4th ed.). Cambridge University Press."
EI09_B,EI09,NA,Romans,Europe,Intensive Agriculturalists,Pre-Republican Roman calendar,Excluded,Fully missing data on our six specific calendar units,"Rupke, J. (2011). The Roman calendar from Numa to Constantine: Time, history, and the Fasti (D. M. B. Richardson, Trans.). Wiley-Blackwell. (Original work published 1995)"
EP04,EP04,NA,Saami,Europe,Pastoralists,Saami calendar,Excluded,Fully missing data on our six specific calendar units,"Itkonen, T. I. (1948). The Lapps in Finland up to 1945: Vol. 2 (O. Guemati & E. Perez-Roman, Trans.). Werner Soderstrom Osakeyhtio. https://ehrafworldcultures.yale.edu/document?id=ep04-017 

Paine, R. (1957). Coast Lapp society I: A study of neighbourhood in Revsbotn Fjord (Tromso Museums Skrifter, Vol. 4). Tromso Museum. https://ehrafworldcultures.yale.edu/document?id=ep04-008"
EQ01,EQ01,NA,Icelanders,Europe,Commercial economy,Old Icelandic calendar,Included,Not excluded,"Dershowitz, N., & Reingold, E. M. (2018). Calendrical calculations: The ultimate edition (4th ed.). Cambridge University Press.

Early Germanic calendars. (2026, January 8). In Wikipedia. https://en.wikipedia.org/wiki/Early_Germanic_calendars"
ER06_A,ER06,NA,Celts,Europe,Agro-Pastoralists,Celtic Coligny (later) calendar,Included,Not excluded,"Aldhouse-Green, M. (2010). Caesar's Druids: Story of an ancient priesthood. Yale University Press.

Celtic calendar. (2025, July 17). In Wikipedia. https://en.wikipedia.org/wiki/Celtic_calendar

Coligny calendar. (2025, July 17). In Wikipedia. https://en.wikipedia.org/wiki/Coligny_calendar

Loth, J. (1904). L'année celtique: D'après les textes irlandais, gallois, brétons et le calendrier de Coligny. Revue Celtique, 25, 113–162."
ER06_B,ER06,NA,Celts,Europe,Agro-Pastoralists,Celtic Coligny (older) calendar,Excluded,Partially missing data on some calendar units,"Aldhouse-Green, M. (2010). Caesar's Druids: Story of an ancient priesthood. Yale University Press. 

Celtic calendar. (2025, July 17). In Wikipedia. https://en.wikipedia.org/wiki/Celtic_calendar 

Coligny calendar. (2025, July 17). In Wikipedia. https://en.wikipedia.org/wiki/Coligny_calendar 

Loth, J. (1904). L'annee celtique: D'apres les textes irlandais, gallois, bretons et le calendrier de Coligny. Revue Celtique, 25, 113-162."
ES10,ES10,NA,Highland Scots,Europe,Other Subsistence Combinations,Highland Scots calendar,Excluded,Fully missing data on our six specific calendar units,"MacKinnon, K. (1977). Language, education and social processes in a Gaelic community (Routledge Direct Editions). Routledge & Kegan Paul. https://ehrafworldcultures.yale.edu/document?id=es10-008"
FA08,FA08,NA,Bambara,Africa,Agro-Pastoralists,Bambara calendar,Excluded,Partially missing data on some calendar units,"Paques, V. (1954). The Bambara (T. Turner, Trans.; Monographies Ethnologiques Africaines). Presses Universitaires de France. https://ehrafworldcultures.yale.edu/document?id=fa08-003"
FA16_A,FA16,NA,Dogon,Africa,Intensive Agriculturalists,Dogon solar calendar,Included,Not excluded,"Griaule, M., & Dieterlen, G. (1986). The pale fox (S. C. Infantino, Trans.). Continuum Foundation. https://ehrafworldcultures.yale.edu/document?id=fa16-025

Paulme, D. (1940). Social organization of the Dogon (French Sudan) (F. Schütze, Trans.). Éditions Domat-Montchrestien, F. Loviton. https://ehrafworldcultures.yale.edu/document?id=fa16-002

Theodosiou, E. (2005, June 19). The calendars of the Dogons [Conference presentation]. 1st International Symposium ""Science and Art,"" Athens, Greece."
FA16_B,FA16,NA,Dogon,Africa,Intensive Agriculturalists,Dogon lunar calendar,Excluded,Partially missing data on some calendar units,"Griaule, M., & Dieterlen, G. (1986). The pale fox (S. C. Infantino, Trans.). Continuum Foundation. https://ehrafworldcultures.yale.edu/document?id=fa16-025 

Paulme, D. (1940). Social organization of the Dogon (French Sudan) (F. Schutze, Trans.). Editions Domat-Montchrestien, F. Loviton. https://ehrafworldcultures.yale.edu/document?id=fa16-002 

Theodosiou, E. (2005, June 19). The calendars of the Dogons [Conference presentation]. 1st International Symposium 'Science and Art,' Athens, Greece."
FA18,FA18,NA,Fon,Africa,Horticulturalists,Fon calendar,Excluded,Partially missing data on some calendar units,"Herskovits, M. J. (1967). Dahomey, an ancient West African kingdom: Vol. 1. Northwestern University Press. https://ehrafworldcultures.yale.edu/cultures/fa18/documents/001"
FA28,FA28,NA,Mossi,Africa,Intensive Agriculturalists,Mossi calendar,Excluded,Partially missing data on some calendar units,"Hammond, P. B. (1959). Economic change and Mossi acculturation. In Continuity and change in African cultures (pp. 238-256). University of Chicago Press. https://ehrafworldcultures.yale.edu/document?id=fa28-005 

Skinner, E. P. (1962). Trade and market among the Mossi people. In Markets in Africa (pp. 237-278). Northwestern University Press. https://ehrafworldcultures.yale.edu/document?id=fa28-012"
FD06,FD06,NA,Kpelle,Africa,Horticulturalists,Kpelle calendar,Included,Not excluded,"Gay, J., & Cole, M. (1967). The new mathematics and an old culture: A study of learning among the Kpelle of Liberia. Holt, Rinehart and Winston. https://ehrafworldcultures.yale.edu/document?id=fd06-002

Germain, J. (1955). Extract from a monograph on the inhabitants of the Circle of N'Zérékoré (Guerzé, Kono, Manon): The artisans — the techniques and the arts (S. L. Granka, Trans.). Études Guinéennes, 13, 3–54. https://ehrafworldcultures.yale.edu/document?id=fd06-023

Westermann, D. H. (1921). The Kpelle: A Negro tribe in Liberia (F. Schütze, Trans.). Vandenhoeck & Ruprecht; J. C. Hinrichs'sche Buchhandlung. https://ehrafworldcultures.yale.edu/document?id=fd06-007"
FE11,FE11,NA,Tallensi,Africa,Intensive Agriculturalists,Tallensi calendar,Excluded,Partially missing data on some calendar units,"Fortes, M. (1987). Religion, morality, and the person: Essays on Tallensi religion (J. Goody, Ed.). Cambridge University Press. https://ehrafworldcultures.yale.edu/document?id=fe11-011"
FE12_A,FE12,NA,Akan (Ashanti),Africa,Horticulturalists,Akan Adaduanan calendar,Included,Not excluded,"Bartle, P. F. W. (1978). Forty days: The Akan calendar. Africa: Journal of the International African Institute, 48(1), 80–84.

Danquah, J. B. (1928). Gold Coast: Akan laws and customs and the Akim Abuakwa constitution. George Routledge & Sons. https://ehrafworldcultures.yale.edu/document?id=fe12-019

Meyerowitz, E. L. R. (1974). The early history of the Akan states of Ghana. Red Candle Press. https://ehrafworldcultures.yale.edu/document?id=fe12-052

Rattray, R. S. (1923). Ashanti. Clarendon Press. https://ehrafworldcultures.yale.edu/document?id=fe12-001

Wilks, I. (1992). On mentally mapping Greater Asante: A study of time and motion. Journal of African History, 33(2), 175–190. https://ehrafworldcultures.yale.edu/cultures/fe12/documents/040

Wilks, I. (1993). Forests of gold: Essays on the Akan and the Kingdom of Asante. Ohio University Press. https://ehrafworldcultures.yale.edu/document?id=fe12-028"
FE12_B,FE12,NA,Krobo,Africa,Horticulturalists,Krobo calendar,Excluded,Partially missing data on some calendar units,"Meyerowitz, E. L. R. (1974). The early history of the Akan states of Ghana. Red Candle Press. https://ehrafworldcultures.yale.edu/cultures/fe12/documents/052"
FF26,FF26,NA,Igbo,Africa,Horticulturalists,Igbo calendar,Excluded,Partially missing data on some calendar units,"Afigbo, A. E. (1981). Ropes of sand: Studies in Igbo history and culture. University Press in association with Oxford University Press. https://ehrafworldcultures.yale.edu/document?id=ff26-038 

Henderson, H. K. (1980). Ritual roles of women in Onitsha Ibo society [Doctoral dissertation]. University Microfilms. https://ehrafworldcultures.yale.edu/document?id=ff26-028 

Henderson, R. N. (1972). The king in every man: Evolutionary trends in Onitsha Ibo society and culture. Yale University Press. https://ehrafworldcultures.yale.edu/document?id=ff26-022 

Meek, C. K. (1970). Law and authority in a Nigerian tribe: A study in indirect rule. Barnes & Noble. https://ehrafworldcultures.yale.edu/document?id=ff26-008 

Okere, L. C. (1980). Socio-economic and cultural aspects of food and food habits in rural Igboland [Doctoral dissertation]. University Microfilms. https://ehrafworldcultures.yale.edu/document?id=ff26-029 

Ottenberg, S. (1975). Masked rituals of Afikpo: The context of an African art (Index of Art in the Pacific Northwest). University of Washington Press. https://ehrafworldcultures.yale.edu/document?id=ff26-030 

Thomas, N. W. (1914). Anthropological report on the Ibo-speaking peoples of Nigeria: Pt. 4. Law and custom of the Ibo of the Asaba district, S. Nigeria. Harrison and Sons. https://ehrafworldcultures.yale.edu/document?id=ff26-020"
FF52,FF52,NA,Nupe,Africa,Horticulturalists,Nupe calendar,Excluded,Fully missing data on our six specific calendar units,"Nadel, S. F. (1942). A black Byzantium: The kingdom of Nupe in Nigeria. Oxford University Press for the International Institute of African Languages and Cultures. https://ehrafworldcultures.yale.edu/document?id=ff52-001"
FF57,FF57,NA,Tiv,Africa,Horticulturalists,Tiv calendar,Included,Not excluded,"Bohannan, L., & Bohannan, P. (1953). The Tiv of central Nigeria (Ethnographic Survey of Africa: Western Africa, Pt. 8). International African Institute. https://ehrafworldcultures.yale.edu/cultures/ff57/documents/019

Bohannan, P. (1953). Concepts of time among the Tiv of Nigeria. Southwestern Journal of Anthropology, 9(3), 251–262. https://ehrafworldcultures.yale.edu/cultures/ff57/documents/027

Bohannan, P. (1998). Culture summary: Tiv. Human Relations Area Files. https://ehrafworldcultures.yale.edu/cultures/ff57/documents/000"
FF62,FF62,NA,Yoruba,Africa,Horticulturalists,Yoruba calendar,Included,Not excluded,"Ajisafe, A. K. (1924). The laws and customs of the Yoruba people. George Routledge & Sons. https://ehrafworldcultures.yale.edu/cultures/ff62/documents/003

Bascom, W. R. (1952). The Esusu: A credit institution of the Yoruba. Journal of the Royal Anthropological Institute of Great Britain and Ireland, 82(1), 63–69. https://ehrafworldcultures.yale.edu/document?id=ff62-017

Bascom, W. R. (1969). The Yoruba of southwestern Nigeria (Case Studies in Cultural Anthropology). Holt, Rinehart and Winston. https://ehrafworldcultures.yale.edu/cultures/ff62/documents/047

Nilsson, M. P. (1920). Primitive time-reckoning: A study in the origins and first development of the art of counting time among the primitive and early culture peoples. C. W. K. Gleerup.

Ségla, D. A. (2014). Yoruba ethnoastronomy: ""Orisha/Vodun,"" or how people's conceptions of the sky constructed science. In C. L. N. Ruggles (Ed.), Handbook of archaeoastronomy and ethnoastronomy (pp. 1046–1058). Springer. https://doi.org/10.1007/978-1-4614-6141-8_100

Sogbesan, O. (2022). Primordial Yoruba concept of time and calendar: The case of the Aboòrìsàs of Oyo Town. Journal of Culture, Society and Development, 67, 68–75."
FI21,FI21,NA,Masa,Africa,Agro-Pastoralists,Masa calendar,Excluded,Fully missing data on our six specific calendar units,"Dumas-Champion, F. (2008). L'activite pastorale et le cycle vegetatif chez les Masa (Tchad/Cameroun). Journal des Africanistes, 78(1-2), 143-156. https://ehrafworldcultures.yale.edu/document?id=fi21-003"
FJ22,FJ22,NA,Nuer,Africa,Agro-Pastoralists,Nuer calendar,Excluded,Fully missing data on our six specific calendar units,"Evans-Pritchard, E. E. (1940). The Nuer: A description of the modes of livelihood and political institutions of a Nilotic people. Clarendon Press. https://ehrafworldcultures.yale.edu/document?id=fj22-001 

Huffman, R. (1931). Nuer customs and folklore (D. Westermann, Ed.). International Institute of African Languages and Culture. https://ehrafworldcultures.yale.edu/document?id=fj22-014"
FJ23,FJ23,NA,Shilluk,Africa,Agro-Pastoralists,Shilluk calendar,Excluded,Fully missing data on our six specific calendar units,"Seligman, C. G., & Seligman, B. Z. (1932). Pagan tribes of the Nilotic Sudan. George Routledge and Sons. https://ehrafworldcultures.yale.edu/document?id=fj23-002"
FK07,FK07,NA,Ganda,Africa,Intensive Agriculturalists,Ganda calendar,Excluded,Partially missing data on some calendar units,"Roscoe, J. (1911). The Baganda: An account of their native customs and beliefs. Macmillan. https://ehrafworldcultures.yale.edu/document?id=fk07-002"
FK11,FK11,NA,Banyoro,Africa,Horticulturalists,Banyoro calendar,Excluded,Fully missing data on our six specific calendar units,"Beattie, J. (1971). The Nyoro state. Clarendon Press. https://ehrafworldcultures.yale.edu/document?id=fk11-001"
FK13,FK13,NA,Bagisu,Africa,Horticulturalists,Bagisu calendar,Excluded,Partially missing data on some calendar units,"Roscoe, J. (1924). The Bagesu and other tribes of the Uganda Protectorate: The third part of the report of the Mackie ethnological expedition to Central Africa. Cambridge University Press. https://ehrafworldcultures.yale.edu/document?id=fk13-002"
FL10,FL10,NA,Gikuyu people (also Agĩkũyũ),Africa,Intensive Agriculturalists,Gikuyu calendar,Excluded,Partially missing data on some calendar units,"Adam, M. (1997). Espace et temps chez les Kikuyu du Kenya. L'Homme, 37(142). 

Cagnolo, C. (1933). The Akikuyu: Their customs, traditions and folklore. Mission Printing School. 

Kenyatta, J. (1953). Facing Mount Kenya: The tribal life of the Gikuyu. Secker and Warburg. https://ehrafworldcultures.yale.edu/document?id=fl10-004 

Routledge, W. S., & Routledge, K. (1910). With a prehistoric people, the Akikuyu of British East Africa: Being some account of the method of life and mode of thought found existent amongst a nation on its first contact with European civilisation. Edward Arnold. https://ehrafworldcultures.yale.edu/document?id=fl10-007 

Webster, H. (1916). Rest days: A study in early law and morality. Macmillan."
FL12,FL12,NA,Maasai,Africa,Pastoralists,Maasai calendar,Excluded,Partially missing data on some calendar units,"Fox, D. S. (1930). Further notes on the Masai of Kenya Colony. Journal of the Royal Anthropological Institute of Great Britain and Ireland, 60, 447-465. https://ehrafworldcultures.yale.edu/document?id=fl12-012 

Hollis, A. C. (1905). The Masai: Their language and folklore. Clarendon Press. https://ehrafworldcultures.yale.edu/document?id=fl12-001 

Merker, M. (1910). The Masai: Ethnographic monograph of an East African Semite people (F. Schutze, Trans.). Dietrich Reimer. https://ehrafworldcultures.yale.edu/cultures/fl12/documents/018 

Webster, H. (1916). Rest days: A study in early law and morality. Macmillan."
FL17,FL17,NA,Turkana,Africa,Pastoralists,Turkana calendar,Excluded,Partially missing data on some calendar units,"Dyson-Hudson, R., & McCabe, J. T. (1985). South Turkana nomadism: Coping with an unpredictably varying environment (HRAFlex Books Ethnography Series). Human Relations Area Files. https://ehrafworldcultures.yale.edu/document?id=fl17-003 

Emley, E. D. (1927). The Turkana of Kolosia District. Journal of the Royal Anthropological Institute of Great Britain and Ireland, 57, 157-201. https://ehrafworldcultures.yale.edu/document?id=fl17-023 

Ohta, I. (1987). Livestock individual identification among the Turkana: The animal classification and naming in the pastoral livestock management. African Study Monographs, 8(1), 1-69. https://ehrafworldcultures.yale.edu/document?id=fl17-006"
FL20,FL20,NA,Okiek,Africa,Hunter-gatherers,Okiek calendar,Excluded,Partially missing data on some calendar units,"Huntingford, G. W. B. (1955). The economic life of the Dorobo. Anthropos, 50, 602-634. https://ehrafworldcultures.yale.edu/document?id=fl20-006"
FN04,FN04,NA,Chagga,Africa,Intensive Agriculturalists,Chagga calendar,Included,Not excluded,"Dundas, C. (1924). Kilimanjaro and its people: A history of the Wachagga, their laws, customs and legends, together with some account of the highest mountain in Africa. H. F. & G. Witherby. https://ehrafworldcultures.yale.edu/document?id=fn04-004

Dundas, C. (1926). Chagga time-reckoning. Man, 26, 140–143. https://doi.org/10.2307/2788287

Marealle, P. I., & Swai, R. D. (1963). Notes on Chagga customs. Tanganyika Notes and Records, 60, 67–90. https://ehrafworldcultures.yale.edu/document?id=fn04-006

Webster, H. (1916). Rest days: A study in early law and morality. Macmillan."
FN17,FN17,NA,Nyakyusa and Ngonde,Africa,Intensive Agriculturalists,Nyakyusa calendar,Excluded,Partially missing data on some calendar units,"Wilson, M. H. (1959). Communal rituals of the Nyakyusa. Oxford University Press. https://ehrafworldcultures.yale.edu/document?id=fn17-009"
FO07,FO07,NA,Azande,Africa,Horticulturalists,Azande calendar,Excluded,Partially missing data on some calendar units,"Baxter, P. T. W., & Butt, A. (1953). The Azande, and related peoples of the Anglo-Egyptian Sudan and Belgian Congo (Ethnographic Survey of Africa: East Central Africa). International African Institute. https://ehrafworldcultures.yale.edu/document?id=fo07-056 

Calonne-Beaufaict, A. de. (1921). Azande: Introduction to a general ethnography of Ubangi-Uele and Aruwimi basins. Institut Solvay, Travaux de l'Institut de Sociologie. https://ehrafworldcultures.yale.edu/cultures/fo07/documents/018 

Schlippe, P. de. (1956). Shifting cultivation in Africa: The Zande system of agriculture. Routledge & Kegan Paul. https://ehrafworldcultures.yale.edu/document?id=fo07-060"
FO57,FO57,NA,Rwandans,Africa,Agro-Pastoralists,Rwanda calendar,Excluded,Partially missing data on some calendar units,"Czekanowski, J. (1917). Investigations in the area between the Nile and the Congo: Vol. 1. Ethnography, the interlacustrine region of Mporo and Ruanda (F. Schutze, Trans.; Wissenschaftliche Ergebnisse der Deutschen Zentral-Afrika-Expedition 1907-1908, Vol. 6). Klinkhardt & Biermann. https://ehrafworldcultures.yale.edu/cultures/fo57/documents/004 

Hove, J. van. (1941). Essay on the common law of Ruanda (D. Crawford, Trans.). M. Hayez. https://ehrafworldcultures.yale.edu/document?id=fo57-001 

Pages, A. (1933). A Hamitic kingdom in the center of Africa: In Ruanda on the shores of Lake Kivu (Belgian Congo) (B. Scholl, Trans.; Memoires, Vol. 1). Librairie Falk fils, Georges van Campenhout. https://ehrafworldcultures.yale.edu/document?id=fo57-003"
FO58,FO58,NA,Barundi,Africa,Horticulturalists,Barundi calendar,Excluded,Partially missing data on some calendar units,"Meyer, H. (1916). The Barundi: An ethnological study of German East Africa (H. Handzik, Trans.). Otto Spamer. https://ehrafworldcultures.yale.edu/document?id=fo58-001"
FP13,FP13,NA,Ovimbundu,Africa,Horticulturalists,Ovimbundu calendar,Excluded,Partially missing data on some calendar units,"Hambly, W. D. (1934). The Ovimbundu of Angola: Frederick H. Rawson-Field Museum ethnological expedition to West Africa, 1929-30 (Field Museum of Natural History Anthropological Series, Vol. 21, No. 2). Field Museum of Natural History. https://ehrafworldcultures.yale.edu/document?id=fp13-003"
FQ05,FQ05,NA,Bemba,Africa,Horticulturalists,Bemba calendar,Excluded,Partially missing data on some calendar units,"Richards, A. I. (1939). Land, labour and diet in Northern Rhodesia: An economic study of the Bemba tribe. Oxford University Press. https://ehrafworldcultures.yale.edu/document?id=fq05-002"
FQ06,FQ06,NA,Ila,Africa,Horticulturalists,Ila calendar,Excluded,Partially missing data on some calendar units,"Smith, E. W., & Dale, A. M. (1920). The Ila-speaking peoples of Northern Rhodesia: Vol. 2. Macmillan. https://ehrafworldcultures.yale.edu/document?id=fq06-002"
FQ09,FQ09,NA,Lozi,Africa,Other Subsistence Combinations,Lozi calendar,Excluded,Fully missing data on our six specific calendar units,"Gluckman, M. (1941). Economy of the central Barotse plain (Rhodes-Livingstone Papers No. 7). Rhodes-Livingstone Institute. https://ehrafworldcultures.yale.edu/document?id=fq09-010"
FQ12,FQ12,NA,Tonga,Africa,Horticulturalists,Tonga calendar,Excluded,Fully missing data on our six specific calendar units,"Colson, E. (1971). The social consequences of resettlement: The impact of the Kariba resettlement upon the Gwembe Tonga (Kariba Studies). Manchester University Press. https://ehrafworldcultures.yale.edu/document?id=fq12-004"
FS05,FS05,NA,Shona,Africa,Agro-Pastoralists,Shona calendar,Excluded,Partially missing data on some calendar units,"Beach, D. N. (1980). The Shona & Zimbabwe 900-1850: An outline of Shona history. Heinemann. https://ehrafworldcultures.yale.edu/document?id=fs05-044 

Gelfand, M. (1981). Ukama: Reflections on Shona and Western cultures in Zimbabwe. Mambo Press. https://ehrafworldcultures.yale.edu/document?id=fs05-006 

Gelfand, M., & Hannan, M. (1968). African crucible: An ethico-religious study with special reference to the Shona-speaking people. Juta. https://ehrafworldcultures.yale.edu/document?id=fs05-013"
FT06,FT06,NA,Tsonga,Africa,Agro-Pastoralists,Tsonga calendar,Excluded,Partially missing data on some calendar units,"Junod, H. A. (1927). The life of a South African tribe: Vol. 2 (2nd ed.). Macmillan. https://ehrafworldcultures.yale.edu/document?id=ft06-002"
FX08,FX08,NA,Ovambo,Africa,Agro-Pastoralists,Ovambo calendar,Excluded,Partially missing data on some calendar units,"Estermann, C. (1976). The Ambo ethnic group. In The ethnography of southwestern Angola: Vol. 1 (pp. 49-217). Africana Publishing. https://ehrafworldcultures.yale.edu/document?id=fx08-001 

Loeb, E. M. (1962). In feudal Africa (Publication of the Indiana University Research Center in Anthropology, Folklore, and Linguistics). Indiana University. https://ehrafworldcultures.yale.edu/document?id=fx08-005"
FX10_A,FX10,NA,!Kung (San),Africa,Hunter-gatherers,!Kung calendar,Included,Not excluded,"Lebzelter, V. (1934). Native cultures in southwest and south Africa: Vol. 2 (R. Neuse, Trans.). Karl W. Hiersemann. https://ehrafworldcultures.yale.edu/document?id=fx10-003

Marshall, L. (1976). The !Kung of Nyae Nyae. Harvard University Press. https://ehrafworldcultures.yale.edu/document?id=fx10-017

Tanaka, J. (1980). The San hunter-gatherers of the Kalahari: A study in ecological anthropology (D. W. Hughes, Trans.). University of Tokyo Press. https://ehrafworldcultures.yale.edu/document?id=fx10-027"
FX10_B,FX10,NA,G/wi (San),Africa,Hunter-gatherers,G/wi calendar,Excluded,Partially missing data on some calendar units,"Silberbauer, G. B. (1981). Hunter and habitat in the central Kalahari desert. Cambridge University Press. https://ehrafworldcultures.yale.edu/document?id=fx10-030"
FX13,FX13,NA,Khoi,Africa,Other Subsistence Combinations,Khoi calendar,Included,Not excluded,"Schapera, I. (1930). Culture of the Hottentots. In The Khoisan peoples of South Africa: Bushmen and Hottentots (pp. 221–418). Routledge. https://ehrafworldcultures.yale.edu/document?id=fx13-015

Schultze, L. S. (1907). In Namaland and the Kalahari (E. C. Knight & T. Ziolkowski, Trans.). Gustav Fischer. https://ehrafworldcultures.yale.edu/document?id=fx13-001"
FX20,FX20,NA,Zulu,Africa,Agro-Pastoralists,Zulu calendar,Excluded,Partially missing data on some calendar units,"Krige, E. J. (1965). The social system of the Zulus. Shuter & Shooter. https://ehrafworldcultures.yale.edu/document?id=fx20-001 

Medupe, T. R. (2015). Indigenous astronomy in southern Africa. In C. L. N. Ruggles (Ed.), Handbook of archaeoastronomy and ethnoastronomy (pp. 1031-1036). Springer. https://doi.org/10.1007/978-1-4614-6141-8_94 

Vilakazi, A. (1962). Zulu transformations: A study of the dynamics of social change. University of Natal Press. https://ehrafworldcultures.yale.edu/document?id=fx20-003"
FY08,FY08,NA,Tanala,Africa,Intensive Agriculturalists,Tanala calendar,Included,Not excluded,"Linton, R. (1933). The Tanala, a hill tribe of Madagascar (Field Museum of Natural History, Anthropological Series Publication No. 317, Vol. 22). Field Museum of Natural History. https://ehrafworldcultures.yale.edu/document?id=fy08-001

Webster, H. (1916). Rest days: A study in early law and morality. Macmillan."
MA01_A,MA01,NA,Persians,Asia,Intensive Agriculturalists,Persian (Solar Hijri) calendar,Included,Not excluded,"Dershowitz, N., & Reingold, E. M. (2018). Calendrical calculations: The ultimate edition (4th ed.). Cambridge University Press.

Solar Hijri calendar. (2026, January 23). In Wikipedia. https://en.wikipedia.org/wiki/Solar_Hijri_calendar"
MA01_B,MA01,NA,Persians,Middle East,Intensive Agriculturalists,Persian-Zoroastrian calendar,Included,Not excluded,"Boyce, M. (2005). Further on the calendar of Zoroastrian feasts. Iran, 43(1), 1–38. https://doi.org/10.1080/05786967.2005.11834662

Gharib, B. (2002). Hafta. In Encyclopædia Iranica (Vol. 11, Fasc. 5, p. 530). https://iranicaonline.org/articles/hafta-week-history-of-the-weeky-calendar-in-iran-1

Zoroastrian calendar. (2025, December 1). In Wikipedia. https://en.wikipedia.org/wiki/Zoroastrian_calendar"
MA01_C,MA01,NA,Iran,Middle East,Intensive Agriculturalists,Iranese calendar,Excluded,Fully missing data on our six specific calendar units,"Fischer, M. M. J. (1980). Discourse and mimesis: Shi'ism in everyday life. In Iran: From religious dispute to revolution (pp. 136-180). Harvard University Press. https://ehrafworldcultures.yale.edu/document?id=ma01-091"
MA01_D,MA01,NA,Persians,Middle East,Intensive Agriculturalists,Old Persian calendar,Excluded,Fully missing data on our six specific calendar units,"Hallock, R. T. (1969). Persepolis fortification tablets (Oriental Institute Publications, Vol. 92). University of Chicago Press. 

Stern, S. (Ed.). (2021). Calendars in the making: The origins of calendars from the Roman Empire to the later Middle Ages. Brill."
MA01_E,MA01,NA,Persians,Middle East,Intensive Agriculturalists,Persian Jalali calendar,Included,Not excluded,"Heydari-Malayeri, M. (2004). A concise review of the Iranian calendar. arXiv. https://arxiv.org/abs/astro-ph/0409620

Stern, S. (Ed.). (2021). Calendars in the making: The origins of calendars from the Roman Empire to the later Middle Ages. Brill.

Thomann, J. (2021). The institution of the Jalālī calendar in 1079 CE and its cohabitation with the older Persian calendar. In S. Stern (Ed.), Calendars in the making: The origins of calendars from the Roman Empire to the later Middle Ages (pp. 210–244). Brill."
MA10,MA10,NA,Basseri,Middle East,Pastoralists,Basseri calendar,Excluded,Fully missing data on our six specific calendar units,"Barth, F. (1961). Nomads of South Persia: The Basseri tribe of the Khamseh Confederacy (Universitetets Etnografiske Museum Bulletin No. 8). Universitetsforlaget; Humanities Press. https://ehrafworldcultures.yale.edu/document?id=ma10-001"
MA12,MA12,NA,Lur,Middle East,Agro-Pastoralists,Lur calendar,Excluded,Fully missing data on our six specific calendar units,"Mortensen, I. D., & Nicolaisen, I. (1993). Nomads of Luristan: History, material culture, and pastoralism in western Iran. Thames and Hudson; Rhodos International Science and Art Publishers. https://ehrafworldcultures.yale.edu/document?id=ma12-004"
MB01_A,MB01,NA,Turks,Middle East,Commercial Economy,Turkish calendar,Excluded,Fully missing data on our six specific calendar units,"Yasa, I. (1957). Hasanoglan: Socio-economic structure of a Turkish village (F. Mansur & A. T. J. Matthews, Trans.). Yeni Matbaa. https://ehrafworldcultures.yale.edu/document?id=mb01-006"
MB01_B,MB01,NA,Ottomans,Middle East,Intensive Agriculturalists,Rumi calendar,Excluded,Partially missing data on some calendar units,"Rumi calendar. (2025, August 21). In Wikipedia. https://en.wikipedia.org/wiki/Rumi_calendar"
MD04,MD04,NA,Rwala Bedouin,Middle East,Pastoralists,Rwala Bedouin calendar,Excluded,Fully missing data on our six specific calendar units,"Musil, A. (1928). The manners and customs of the Rwala Bedouins (Oriental Explorations and Studies No. 6). American Geographical Society. https://ehrafworldcultures.yale.edu/document?id=md04-002,"
MF07,MF07,NA,Ancient Israelites,Middle East,Intensive Agriculturalists,Hebrew calendar,Included,Not excluded,"Dershowitz, N., & Reingold, E. M. (2018). Calendrical calculations: The ultimate edition (4th ed.). Cambridge University Press.

Heaton, E. W. (1956). Everyday life in Old Testament times. Scribner. https://ehrafworldcultures.yale.edu/document?id=mf07-004

Hebrew calendar. (2026, January 29). In Wikipedia. https://en.wikipedia.org/wiki/Hebrew_calendar"
MH07,MH07,MH64,Sumerians / Babylonians,Middle East,Intensive Agriculturalists,Sumerian-Babylonian calendar,Included,Not excluded,"Cohen, S. (1943). Week. In I. Landman (Ed.), The Universal Jewish Encyclopedia: An authoritative and popular presentation of Jews and Judaism since the earliest times (Vol. 10, p. 482). Universal Jewish Encyclopedia.

Dershowitz, N., & Reingold, E. M. (2018). Calendrical calculations: The ultimate edition (4th ed.). Cambridge University Press.

Kramer, S. N. (1963). The Sumerians: Their history, culture, and character. University of Chicago Press. https://ehrafarchaeology.yale.edu/document?id=mh64-004

Richards, E. G. (1999). Mapping time: The calendar and its history. Oxford University Press.

Saggs, H. W. F. (1988). The greatness that was Babylon: A survey of the ancient civilization of the Tigris-Euphrates Valley (Great Civilization Series). Sidgwick and Jackson. https://ehrafworldcultures.yale.edu/document?id=mh07-001

Sharlach, T. (2013). Calendars and counting. In H. Crawford (Ed.), The Sumerian world (pp. 305–318). Routledge. https://doi.org/10.4324/9780203096604-19

Steele, J. M. (2011). Astronomy and culture in Late Babylonian Uruk. Proceedings of the International Astronomical Union, 7(S278), 331–341."
MJ04,MJ04,NA,Bedouin,Middle East,Pastoralists,Bedouin calendar,Excluded,Fully missing data on our six specific calendar units,"Dickson, H. R. P. (1951). The Arab of the desert: A glimpse into Badawin life in Kuwait and Sau'di Arabia. George Allen & Unwin. https://ehrafworldcultures.yale.edu/document?id=mj04-001"
MO04_A,MO04,NA,Somali,Africa,Pastoralists,Somali solar calendar,Excluded,Partially missing data on some calendar units,"Cerulli, E. (1923-1925). Observations on the Moslem movement in Somaliland (P. A. Mankin, Trans.). Rivista degli Studi Orientali, 10, 1-36. https://ehrafworldcultures.yale.edu/cultures/mo04/documents/010

Cerulli, E. (1957). New notes on the astronomical ideas of the Somalis (P. Biancani, Trans.). In Somalia: Scritti vari editi ed inediti: Vol. 1 (pp. 219-227). Amministrazione Fiduciaria Italiana della Somalia; Istituto Poligrafico dello Stato. https://ehrafworldcultures.yale.edu/cultures/mo04/documents/020

Lewis, I. M. (1955). Peoples of the Horn of Africa: Somali, Afar, and Saho (Ethnographic Survey of Africa: North Eastern Africa). International African Institute. https://ehrafworldcultures.yale.edu/document?id=mo04-001"
MO04_B,MO04,NA,Somali,Africa,Pastoralists,Somali lunar calendar,Excluded,Partially missing data on some calendar units,"Lewis, I. M. (1955). Peoples of the Horn of Africa: Somali, Afar, and Saho (Ethnographic Survey of Africa: North Eastern Africa). International African Institute. https://ehrafworldcultures.yale.edu/document?id=mo04-001"
MO13,MO13,NA,Palestinians,Middle East,Commercial Economy,Palestinian calendar,Excluded,Fully missing data on our six specific calendar units,"Canaan, T. (1927). Mohammedan saints and sanctuaries in Palestine (Luzac's Oriental Religion Series, Vol. 5). Luzac. https://ehrafworldcultures.yale.edu/document?id=mo13-018

Vaux, R. de. (1961). Ancient Israel: Its life and institutions (J. McHugh, Trans.). McGraw-Hill. https://ehrafworldcultures.yale.edu/document?id=mf07-001"
MP14,MP14,NA,Kaffa,Africa,Intensive Agriculturalists,Kaffa calendar,Included,Not excluded,"Grühl, M. (1977). In the dominions of the Divine Emperor. In The citadel of Ethiopia: The empire of the divine emperor (pp. 167–316). AMS Press. https://ehrafworldcultures.yale.edu/document?id=mp14-001"
MP17,MP17,NA,Konso,Africa,Intensive Agriculturalists,Konso calendar,Excluded,Partially missing data on some calendar units,"Hallpike, C. R. (2008). The Konso of Ethiopia: A study of the values of an East Cushitic people (2nd ed.). AuthorHouse. https://ehrafworldcultures.yale.edu/cultures/mp17/documents/004"
MQ08,MQ08,NA,Fur,Africa,Intensive Agriculturalists,Fur calendar,Excluded,Fully missing data on our six specific calendar units,"Felkin, R. W. (1886). Notes on the For tribe of Central Africa. Proceedings of the Royal Society of Edinburgh, 13, 205-265. https://ehrafworldcultures.yale.edu/document?id=mq08-004"
MR08,MR08,NA,Nubians,Africa,Horticulturalists,Nubian calendar,Excluded,Fully missing data on our six specific calendar units,"Ammar, H. M. (1966). Growing up in an Egyptian village: Silwa, Province of Aswan. Octagon Books.

Callender, C., & El Guindi, F. (1971). Life-crisis rituals among the Kenuz (Case Western Reserve University Studies in Anthropology No. 3). Press of Case Western Reserve University. https://ehrafworldcultures.yale.edu/document?id=mr08-005

Trimingham, J. S. (1949). Islam in the Sudan. Oxford University Press."
MR13,MR13,NA,Copts (e.g. Fellahin),Africa,Intensive Agriculturalists,Coptic calendar,Included,Not excluded,"Coptic calendar. (2026, January 30). In Wikipedia. https://en.wikipedia.org/wiki/Coptic_calendar

Dershowitz, N., & Reingold, E. M. (2018). Calendrical calculations: The ultimate edition (4th ed.). Cambridge University Press. "
MS11,MS11,NA,Fulani,Africa,Pastoralists,Fulani calendar,Excluded,Partially missing data on some calendar units,"Loftsdottir, K. (2008). The bush is sweet: Identity, power and development among the WoDaaBe Fulani in Niger. Nordiska Afrikainstitutet. https://ehrafworldcultures.yale.edu/document?id=ms11-015

Stenning, D. J. (1964). Savannah nomads: A study of the Wodaabe pastoral Fulani of Western Bornu Province, Northern Region, Nigeria. Oxford University Press. https://ehrafworldcultures.yale.edu/document?id=ms11-001"
MS12,MS12,NA,Hausa,Africa,Other Subsistence Combinations,Hausa calendar,Excluded,Partially missing data on some calendar units,"Faulkingham, R. H. (1972). Political support in a Hausa village [Doctoral dissertation]. University Microfilms. https://ehrafworldcultures.yale.edu/document?id=ms12-016

Smith, M. G. (1965). The Hausa of northern Nigeria. In Peoples of Africa (pp. 119-155). Holt, Rinehart and Winston. https://ehrafworldcultures.yale.edu/document?id=ms12-017"
MS14,MS14,NA,Kanuri,Africa,Intensive Agriculturalists,Kanuri calendar,Excluded,Partially missing data on some calendar units,"Cohen, R. (1960). The structure of Kanuri society [Doctoral dissertation]. University Microfilms. https://ehrafworldcultures.yale.edu/document?id=ms14-003

Rosman, A. (1966). Social structure and acculturation among the Kanuri of northern Nigeria [Doctoral dissertation]. University Microfilms. https://ehrafworldcultures.yale.edu/document?id=ms14-002"
MS20,MS20,NA,Songhai,Africa,Intensive Agriculturalists,Songhai calendar,Excluded,Partially missing data on some calendar units,"Stoller, P. (1989). Fusion of the worlds: An ethnography of possession among the Songhay of Niger. University of Chicago Press. https://ehrafworldcultures.yale.edu/document?id=ms20-008"
MS22,MS22,NA,Teda,Africa,Agro-Pastoralists,Teda calendar,Excluded,Partially missing data on some calendar units,"Kronenberg, A. (1958). The Teda of Tibesti (F. Schutze, Trans.; Wiener Beitrage zur Kulturgeschichte und Linguistik). Verlag Ferdinand Berger. https://ehrafworldcultures.yale.edu/document?id=ms22-002

Le Coeur, C. (1950). Teda ethnographic dictionary preceded by a French-Teda lexicon (F. Schutze, Trans.; Memoires). Librairie Larose. https://ehrafworldcultures.yale.edu/document?id=ms22-003"
MS25,MS25,NA,Tuareg,Africa,Agro-Pastoralists,Tuareg calendar,Included,Not excluded,"Benhazera, M. (1908). Six months among the Ahaggar Tuareg (A. R. Coleman, Trans.). Typographie Adolphe Jourdan. https://ehrafworldcultures.yale.edu/document?id=ms25-004

Nicolaisen, J. (1963). Ecology and culture of the pastoral Tuareg: With particular reference to the Tuareg of Ahaggar and Ayr (Nationalmuseets Skrifter, Etnografisk Række, Vol. 9). National Museum of Copenhagen. https://ehrafworldcultures.yale.edu/document?id=ms25-007"
MS30,MS30,NA,Wolof,Africa,Horticulturalists,Wolof calendar,Excluded,Partially missing data on some calendar units,"Boilat, P.-D. (1853). Senegalese sketches (A. Brunel, Trans.). P. Bertrand. https://ehrafworldcultures.yale.edu/document?id=ms30-039"
MW11,MW11,NA,Shluh,Africa,Intensive Agriculturalists,Shluh calendar,Excluded,Partially missing data on some calendar units,"Berque, J. (1955). Social structures of the High Atlas (J. Bigwood, Trans.). Presses Universitaires de France. https://ehrafworldcultures.yale.edu/document?id=mw11-001"
MX03,MX03,NA,Berber,Africa,Agro-Pastoralists,"Berber (""Julian"") calendar",Included,Not excluded,"Blanco Izaga, E. (1975). Emilio Blanco Izaga: Colonel in the Rif (D. M. Hart, Ed. & Trans.; HRAFlex Books Ethnology Series). Human Relations Area Files. https://ehrafworldcultures.yale.edu/cultures/mx03/documents/005

Coon, C. S. (1931). Tribes of the Rif (Harvard African Studies, Vol. 9). Peabody Museum of Harvard University. https://ehrafworldcultures.yale.edu/document?id=mx03-001

Lunar station. (2026, January 30). In Wikipedia. https://en.wikipedia.org/wiki/Lunar_station

Varisco, D. M. (2017). Illuminating the lunar mansions (manāzil al-qamar) in Šams al-maʿārif. Arabica, 64(3–4), 487–530. https://doi.org/10.1163/15700585-12341462

Westermarck, E. (1926). Ritual and belief in Morocco. Macmillan. https://ehrafworldcultures.yale.edu/document?id=mx03-002"
N011,N011,NA,North American Hasidic Jews,North America,Commercial Economy,North American Hasidic Jew calendar,Excluded,Partially missing data on some calendar units,"Rubin, I. (1972). Satmar: An island in the city. Quadrangle Books. https://ehrafworldcultures.yale.edu/document?id=no11-005"
N016,N016,NA,North American Armenians,North America,Commercial Economy,North American Armenian calendar,Excluded,Partially missing data on some calendar units,"Wallis, W. D., & Davidian, N. (1965). Fresno Armenians (to 1919). Coronado Press. https://ehrafworldcultures.yale.edu/document?id=no16-002"
NA06,NA06,NA,Aleut,North America,Hunter-gatherers,Aleut calendar,Excluded,Partially missing data on some calendar units,"Hrdlicka, A. (1945). The Aleutian and Commander Islands and their inhabitants. Wistar Institute of Anatomy and Biology. https://ehrafworldcultures.yale.edu/cultures/na06/documents/023

Jochelson, W. (1933). History, ethnology, and anthropology of the Aleut (Carnegie Institution of Washington Publication No. 432). Carnegie Institution of Washington. https://ehrafworldcultures.yale.edu/cultures/na06/documents/002

Lantis, M. (1984). Aleut. In D. Damas (Ed.), Handbook of North American Indians: Vol. 5. Arctic (pp. 161-184). Smithsonian Institution. https://ehrafworldcultures.yale.edu/document?id=na06-075

Veniaminov, I. (1840). Notes on the islands of the Unalaska district (A. Kardinelowska & B. Keen, Trans.). Russian-American Company. https://ehrafworldcultures.yale.edu/cultures/na06/documents/001"
NA08,NA08,NA,Ingalik,North America,Hunter-gatherers,Ingalik calendar,Excluded,Partially missing data on some calendar units,"Osgood, C. (1959). Ingalik mental culture (Yale University Publications in Anthropology No. 56). Department of Anthropology, Yale University. https://ehrafworldcultures.yale.edu/document?id=na08-003

VanStone, J. W. (1979). Ingalik contact ecology: An ethnohistory of the lower-middle Yukon, 1790-1935 (Fieldiana: Anthropology, Vol. 71). Field Museum of Natural History. https://ehrafworldcultures.yale.edu/document?id=na08-007"
NA10,NA10,NA,Alutiiq,North America,Hunter-gatherers,Alutiiq calendar,Excluded,Fully missing data on our six specific calendar units,"Birket-Smith, K. (1953). The Chugach Eskimo (Nationalmuseets Skrifter, Etnografisk Raekke, Vol. 6). Nationalmuseets Publikationsfond. https://ehrafworldcultures.yale.edu/document?id=na10-001

Hrdlicka, A. (1975). The anthropology of Kodiak Island. AMS Press. https://ehrafworldcultures.yale.edu/document?id=na10-007"
NA12,NA12,NA,Tlingit,North America,Hunter-gatherers,Tlingit calendar,Excluded,Partially missing data on some calendar units,"De Laguna, F. (1972). Under Mount Saint Elias: The history and culture of the Yakutat Tlingit (Smithsonian Contributions to Anthropology, Vol. 7). Smithsonian Institution Press. https://ehrafworldcultures.yale.edu/document?id=na12-020

Emmons, G. T. (1991). The Tlingit Indians (F. de Laguna, Ed.; Anthropological Papers of the American Museum of Natural History No. 70). University of Washington Press; American Museum of Natural History. https://ehrafworldcultures.yale.edu/document?id=na12-031

Krause, A. (1956). The Tlingit Indians: Results of a trip to the northwest coast of America and the Bering Straits (E. Gunther, Trans.). University of Washington Press. https://ehrafworldcultures.yale.edu/document?id=na12-001

Swanton, J. R. (1905). Social condition, beliefs, and linguistic relationship of the Tlingit Indians. Smithsonian Institution. https://ehrafworldcultures.yale.edu/document?id=na12-010"
ND07,ND07,NA,Chipewyans,North America,Hunter-gatherers,Chipewyan calendar,Excluded,Fully missing data on our six specific calendar units,"Birket-Smith, K. (1930). Contributions to Chipewyan ethnology (Report of the Fifth Thule Expedition 1921-24, Vol. 6). Gyldendalske Boghandel, Nordisk Forlag. https://ehrafworldcultures.yale.edu/document?id=nd07-017"
ND08,ND08,NA,Copper Inuit,North America,Hunter-gatherers,Copper inuit calendar,Included,Not excluded,"De Coccola, R., & King, P. (1986). The incredible Eskimo: Life among the barren land Eskimo (J. Houston, Illus.). Hancock House. https://ehrafworldcultures.yale.edu/document?id=nd08-035

Jenness, D. (1959). The people of the twilight. University of Chicago Press. https://ehrafworldcultures.yale.edu/document?id=nd08-029"
ND12,ND12,NA,Kaska,North America,Hunter-gatherers,Kaska calendar,Excluded,Partially missing data on some calendar units,"Honigmann, J. J. (1949). Culture and ethos of Kaska society (Yale University Publications in Anthropology No. 40). Yale University Press. https://ehrafworldcultures.yale.edu/document?id=nd12-001"
ND14,ND14,NA,Slavey,North America,Hunter-gatherers,Slavey calendar,Excluded,Fully missing data on our six specific calendar units,"Honigmann, J. J. (1946). Ethnography and acculturation of the Fort Nelson Slave (Yale University Publications in Anthropology No. 33). Yale University Press; H. Milford, Oxford University Press. https://ehrafworldcultures.yale.edu/cultures/nd14/documents/003"
NE006,NE006,NA,Nuxalk,North America,Hunter-gatherers,Nuxalk calendar,Excluded,Partially missing data on some calendar units,"Boas, F. (1900). The mythology of the Bella Coola Indians (Memoirs of the American Museum of Natural History, Vol. 2; Jesup North Pacific Expedition Publications, Vol. 1, Pt. 2, pp. 25-127). American Museum of Natural History. https://ehrafworldcultures.yale.edu/document?id=ne06-007

McIlwraith, T. F. (1948). The Bella Coola Indians: Vol. 1. University of Toronto Press. https://ehrafworldcultures.yale.edu/document?id=ne06-001"
NE09,NE09,NA,Haida,North America,Hunter-gatherers,Haida calendar,Excluded,Partially missing data on some calendar units,"Boelscher, M. (1988). The curtain within: Haida social and mythical discourse. University of British Columbia Press. https://ehrafworldcultures.yale.edu/document?id=ne09-011

Brink, J. H. van den. (1974). The Haida Indians: Cultural change mainly between 1876-1970 (Monographs and Theoretical Studies in Sociology and Anthropology in Honor of Nels Anderson). E. J. Brill. https://ehrafworldcultures.yale.edu/document?id=ne09-007

Murdock, G. P. (1934). The Haidas of British Columbia. In Our primitive contemporaries (pp. 221-263). Macmillan. https://ehrafworldcultures.yale.edu/document?id=ne09-003"
NE11,NE11,NA,Nuu-Chah-Nulth,North America,Hunter-gatherers,Nuu-Chah-Nulth calendar,Excluded,Fully missing data on our six specific calendar units,"Drucker, P. (1951). The northern and central Nootkan tribes (Bureau of American Ethnology Bulletin). U.S. Government Printing Office. https://ehrafworldcultures.yale.edu/document?id=ne11-001

Swan, J. G. (1870). The Indians of Cape Flattery: At the entrance to the Strait of Fuca, Washington Territory (Smithsonian Contributions to Knowledge No. 220). Smithsonian Institution. https://ehrafworldcultures.yale.edu/document?id=ne11-003"
NF04,NF04,NA,Assiniboine,North America,Hunter-gatherers,Assiniboine calendar,Included,Not excluded,"Denig, E. T. (1930). Indian tribes of the upper Missouri (J. N. B. Hewitt, Ed.). Government Printing Office. https://ehrafworldcultures.yale.edu/document?id=nf04-005

Kennedy, D. (1972). Recollections of an Assiniboine chief (J. R. Stevens, Ed.). McClelland and Stewart. https://ehrafworldcultures.yale.edu/document?id=nf04-014

Long, J. L. (1942). Land of Nakoda: The story of the Assiniboine Indians (M. S. Kennedy, Ed.; W. Standing, Illus.). State Publishing Company.

Long, J. L. (1961). The Assiniboines: From the accounts of the Old Ones told to First Boy (James Larpenteur Long) (M. S. Kennedy, Ed.; W. Standing, Illus.; Civilization of the American Indian Series). University of Oklahoma Press. https://ehrafworldcultures.yale.edu/document?id=nf04-016"
NF06,NF06,NA,Blackfoot,North America,Hunter-gatherers,Blackfoot calendar,Excluded,Partially missing data on some calendar units,"Hungry Wolf, A. (1977). The Blood People: A division of the Blackfoot Confederacy: An illustrated interpretation of the old ways. Harper & Row. https://ehrafworldcultures.yale.edu/document?id=nf06-021

Wissler, C. (1912). Ceremonial bundles of the Blackfoot Indians (Anthropological Papers of the American Museum of Natural History, Vol. 7, Pt. 2, pp. 65-289). American Museum of Natural History. https://ehrafworldcultures.yale.edu/document?id=nf06-002"
NF08,NF08,NA,Kutenai,North America,Hunter-gatherers,Kutenai calendar,Excluded,Partially missing data on some calendar units,"Chamberlain, A. F. (1893). Report on the Kootenay Indians of south-eastern British Columbia. In Report of the sixty-second meeting of the British Association for the Advancement of Science held at Edinburgh in August 1892 (pp. 545-615). John Murray. https://ehrafworldcultures.yale.edu/document?id=nf08-008

Schaeffer, C. E. (1971). Early Christian mission of the Kutenai Indians. Oregon Historical Quarterly, 71(4), 325-348. https://ehrafworldcultures.yale.edu/document?id=nf08-005

Turney-High, H. H. (1941). Ethnography of the Kutenai (Memoirs of the American Anthropological Association No. 56). American Anthropological Association. https://ehrafworldcultures.yale.edu/document?id=nf08-003"
NG05,NG05,NA,Huron/Wendat,North America,Other Subsistence Combinations,Huron/Wendat calendar,Included,Not excluded,"Kinietz, W. V. (1940). Huron. In The Indians of the western Great Lakes, 1615–1760 (pp. 1–160). University of Michigan Press. https://ehrafworldcultures.yale.edu/document?id=ng05-005"
NG06,NG06,NA,Ojibwa (Northern Salteaux),North America,Hunter-gatherers,Ojibwa calendar,Included,Not excluded,"Densmore, F. (1929). Chippewa customs (Bureau of American Ethnology Bulletin No. 86). U.S. Government Printing Office. https://ehrafworldcultures.yale.edu/document?id=ng06-005

Hallowell, A. I. (1937). Temporal orientation in western civilization and in a pre-literate society. American Anthropologist, 39(4), 647–670.

Hallowell, A. I. (2004). The Ojibwa of Berens River, Manitoba: Ethnography into history (Case Studies in Cultural Anthropology). Wadsworth. https://ehrafworldcultures.yale.edu/document?id=ng06-058

Hilger, M. I. (1951). Chippewa child life and its cultural background (Bureau of American Ethnology Bulletin No. 146). U.S. Government Printing Office. https://ehrafworldcultures.yale.edu/document?id=ng06-015"
NH06,NH06,NA,Innu,North America,Hunter-gatherers,Innu calendar,Excluded,Fully missing data on our six specific calendar units,"Lane, K. S. (1952). The Montagnais Indians, 1600-1640. Kroeber Anthropological Society Papers, (7), 1-62. https://ehrafworldcultures.yale.edu/document?id=nh06-018"
NJ05,NJ05,NA,Mi'kmaq,North America,Hunter-gatherers,Mi'kmaq calendar,Excluded,Partially missing data on some calendar units,"Le Clercq, C. (1910). New relation of Gaspesia: With the customs and religion of the Gaspesian Indians (W. F. Ganong, Ed. & Trans.; Publications of the Champlain Society, Vol. 5). Champlain Society. https://ehrafworldcultures.yale.edu/document?id=nj05-002

Wallis, W. D., & Wallis, R. S. (1955). The Micmac Indians of eastern Canada. University of Minnesota Press. https://ehrafworldcultures.yale.edu/document?id=nj05-001"
NK06,NK06,NA,Chinese Americans,North America,Commercial Economy,Chinese (Chinese American) calendar,Excluded,Partially missing data on some calendar units,"Chinn, T. W. (1989). Bridging the Pacific: San Francisco Chinatown and its people. Chinese Historical Society of America. https://ehrafworldcultures.yale.edu/document?id=nk06-005"
NM07,NM07,NA,Delaware,North America,Primarily Hunter-gatherers,Delaware calendar,Excluded,Fully missing data on our six specific calendar units,"Heckewelder, J. G. E. (1819). An account of the history, manners, and customs of the Indian nations who once inhabited Pennsylvania and the neighboring states (Transactions of the Historical and Literary Committee of the American Philosophical Society, Vol. 1). Abraham Small. https://ehrafworldcultures.yale.edu/document?id=nm07-001

Zeisberger, D. (1910). David Zeisberger's history of northern American Indians (A. B. Hulbert & W. N. Schwarze, Eds.; Ohio Archaeological and Historical Publications, Vol. 19). Fred J. Heer. https://ehrafworldcultures.yale.edu/document?id=nm07-003"
NM09,NM09,NA,Iroquois,North America,Horticulturalists,Iroquois calendar,Excluded,Partially missing data on some calendar units,"Foley, D. (1994). An ethnohistoric and ethnographic analysis of the Iroquois from the aboriginal era to the present suburban era [Doctoral dissertation]. University Microfilms International. https://ehrafworldcultures.yale.edu/document?id=nm09-060

Foster, M. K. (1974). From the earth to beyond the sky: An ethnographic approach to four Longhouse Iroquois speech events (Mercury Series, Canadian Ethnology Service Paper No. 20). National Museum of Man. https://ehrafworldcultures.yale.edu/document?id=nm09-064

Waugh, F. W. (1916). Iroquois foods and food preparation (Geological Survey of Canada Memoir 86, Anthropological Series No. 12). Government Printing Bureau. https://ehrafworldcultures.yale.edu/document?id=nm09-025"
NN08,NN08,NA,Cherokee,North America,Other Subsistence Combinations,Cherokee calendar,Excluded,Fully missing data on our six specific calendar units,"French, L., & Hornbuckle, J. (Eds.). (1981). The Cherokee perspective: Written by Eastern Cherokees. Appalachian Consortium Press. https://ehrafworldcultures.yale.edu/document?id=nn08-031

Speck, F. G., & Broom, L. (1983). Cherokee dance and drama (Civilization of the American Indian Series, Vol. 163). University of Oklahoma Press. https://ehrafworldcultures.yale.edu/document?id=nn08-002"
NN11,NN11,NA,Creek,North America,Primarily Hunter-gatherers,Creek calendar,Excluded,Partially missing data on some calendar units,"Swanton, J. R. (1928). Social organization and social usages of the Indians of the Creek Confederacy (Bureau of American Ethnology Annual Report, pp. 23-472). U.S. Government Printing Office. https://ehrafworldcultures.yale.edu/document?id=nn11-001"
NN16,NN16,NA,Seminole,North America,Horticulturalists,Seminole calendar,Excluded,Partially missing data on some calendar units,"Howard, J. H., & Lena, W. (1984). Oklahoma Seminoles: Medicines, magic, and religion (Civilization of the American Indian Series, Vol. 166). University of Oklahoma Press. https://ehrafworldcultures.yale.edu/document?id=nn16-002

MacCauley, C. (1887). The Seminole Indians of Florida. In Fifth annual report of the Bureau of American Ethnology, 1883-84 (pp. 469-531). Smithsonian Institution. https://ehrafworldcultures.yale.edu/document?id=nn16-011"
NO06,NO06,NA,Comanche,North America,Hunter-gatherers,Comanche calendar,Excluded,Fully missing data on our six specific calendar units,"Lee, N. (1957). Three years among the Comanches: The narrative of Nelson Lee, the Texas Ranger, containing a detailed account of his captivity among the Indians, his singular escape through the instrumentality of his watch, and fully illustrating Indian life as it is on the war path and in the camp (Western Frontier Library). University of Oklahoma Press. https://ehrafworldcultures.yale.edu/document?id=no06-002"
NO08,NO08,NA,Natchez,North America,Other Subsistence Combinations,Natchez calendar,Excluded,Partially missing data on some calendar units,"Galloway, P., & Jackson, J. B. (2004). Natchez and neighboring groups. In R. D. Fogelson (Ed.), Handbook of North American Indians: Vol. 14. Southeast (pp. 598-615). Smithsonian Institution.

Lorenz, K. G. (2020). Culture summary: Natchez. Human Relations Area Files. https://ehrafworldcultures.yale.edu/document?id=no08-000

Swanton, J. R. (1911). The Natchez group. In Indian tribes of the lower Mississippi Valley and adjacent coast of the Gulf of Mexico (Bureau of American Ethnology Bulletin No. 43, pp. 45-274). Government Printing Office. https://ehrafworldcultures.yale.edu/document?id=no08-003"
NP05,NP05,NA,Fox,North America,Other Subsistence Combinations,Fox calendar,Excluded,Partially missing data on some calendar units,"Forsyth, T. (1911). An account of the manners and customs of the Sauk and Fox nations of Indians tradition. In E. H. Blair (Ed. & Trans.), The Indian tribes of the upper Mississippi Valley and region of the Great Lakes: Vol. 2 (pp. 183-245). Arthur H. Clark. https://ehrafworldcultures.yale.edu/document?id=np05-015

Michelson, T. (1937). Fox miscellany (Bureau of American Ethnology Bulletin). U.S. Government Printing Office. https://ehrafworldcultures.yale.edu/document?id=np05-025"
NQ10,NQ10,NA,Crow,North America,Hunter-gatherers,Crow calendar,Excluded,Fully missing data on our six specific calendar units,"Murdock, G. P. (1934). The Crows of the western plains. In Our primitive contemporaries (pp. 264-290). Macmillan. https://ehrafworldcultures.yale.edu/document?id=nq10-017"
NQ13,NQ13,NA,Gros Ventre,North America,Hunter-gatherers,Gros Ventre calendar,Excluded,Fully missing data on our six specific calendar units,"Flannery, R. (1953). The Gros Ventres of Montana: Pt. 1. Social life (Catholic University of America Anthropological Series). Catholic University of America Press. https://ehrafworldcultures.yale.edu/document?id=nq13-002"
NQ14,NQ14,NA,Hidatsa,North America,Intensive Agriculturalists,Hidatsa calendar,Excluded,Fully missing data on our six specific calendar units,"Waheenee. (1987). Buffalo Bird Woman's garden: Agriculture of the Hidatsa Indians (G. L. Wilson, Ed.; Borealis Books). Minnesota Historical Society Press. https://ehrafworldcultures.yale.edu/document?id=nq14-004

Wilson, G. L. (1924). The horse and the dog in Hidatsa culture (Anthropological Papers of the American Museum of Natural History, Vol. 15, Pt. 2, pp. 125-311). American Museum Press. https://ehrafworldcultures.yale.edu/document?id=nq14-005"
NQ18,NQ18,NA,Pawnee,North America,Other Subsistence Combinations,Pawnee calendar,Excluded,Partially missing data on some calendar units,"Chamberlain, V. D. (1982). When stars came down to earth: Cosmology of the Skidi Pawnee Indians of North America (Ballena Press Anthropological Papers No. 26). Ballena Press; Center for Archaeoastronomy, University of Maryland. https://ehrafworldcultures.yale.edu/document?id=nq18-021

Weltfish, G. (1965). The lost universe: With a closing chapter on 'The universe regained.' Basic Books. https://ehrafworldcultures.yale.edu/document?id=nq18-014"
NQ21,NQ21,NA,Omaha,North America,Primarily Hunter-gatherers,Omaha calendar,Excluded,Fully missing data on our six specific calendar units,"Fletcher, A. C., & La Flesche, F. (1911). The Omaha tribe. In Twenty-seventh annual report of the Bureau of American Ethnology, 1905-06 (pp. 17-672). Government Printing Office. https://ehrafworldcultures.yale.edu/document?id=nq21-001"
NR10,NR10,NA,Klamath,North America,Hunter-gatherers,Klamath calendar,Excluded,Partially missing data on some calendar units,"Gatschet, A. S. (1890). The Klamath Indians of southwestern Oregon (Contributions to North American Ethnology, Vol. 2). Government Printing Office. https://ehrafworldcultures.yale.edu/document?id=nr10-007

Spier, L. (1930). Klamath ethnography (University of California Publications in American Archaeology and Ethnology, Vol. 30). University of California Press. https://ehrafworldcultures.yale.edu/document?id=nr10-001"
NR13,NR13,NA,Northern Paiute,North America,Hunter-gatherers,Northern Paiute calendar,Excluded,Partially missing data on some calendar units,"Kelly, I. T. (1934). Ethnography of the Surprise Valley Paiute (University of California Publications in American Archaeology and Ethnology, Vol. 31, No. 3, pp. 67-210). University of California Press. https://ehrafworldcultures.yale.edu/document?id=nr13-001"
NR17,NR17,NA,Quinault,North America,Hunter-gatherers,Quinault calendar,Excluded,Partially missing data on some calendar units,"Olson, R. L. (1936). The Quinault Indians (University of Washington Publications in Anthropology, Vol. 6, No. 1). University of Washington. https://ehrafworldcultures.yale.edu/document?id=nr17-001"
NR21,NR21,NA,Tillamook,North America,Hunter-gatherers,Tillamook calendar,Excluded,Partially missing data on some calendar units,"Jacobs, E. D. (2003). The Nehalem Tillamook: An ethnography (M. Jacobs, Ed.). Oregon State University Press. https://ehrafworldcultures.yale.edu/document?id=nr21-006"
NR26,NR26,NA,Southern Coast Salish,North America,Hunter-gatherers,Southern Coast Salish calendar,Excluded,Partially missing data on some calendar units,"Eells, M. (1877). The Twana Indians of the Skokomish Reservation in Washington Territory. [Publisher not identified]. https://ehrafworldcultures.yale.edu/document?id=nr26-002

Elmendorf, W. W. (1960). The structure of Twana culture. Research Studies: A Quarterly Publication of Washington State University, 38(2), 1-576. https://ehrafworldcultures.yale.edu/document?id=nr26-012

Smith, M. W. (1940). The Puyallup-Nisqually (Columbia University Contributions to Anthropology, Vol. 32). Columbia University Press. https://ehrafworldcultures.yale.edu/document?id=nr26-014"
NS18,NS18,NA,Pomo,North America,Hunter-gatherers,Pomo calendar,Excluded,Fully missing data on our six specific calendar units,"Loeb, E. M. (1926). Pomo folkways (University of California Publications in American Archaeology and Ethnology, Vol. 19, No. 2, pp. 149-404). University of California Press. https://ehrafworldcultures.yale.edu/document?id=ns18-003"
NS22,NS22,NA,Tubatulabal,North America,Hunter-gatherers,Tubatulabal calendar,Excluded,Fully missing data on our six specific calendar units,"Voegelin, E. W. (1938). Tubatulabal ethnography (Anthropological Records, pp. 1-90). University of California Press. https://ehrafworldcultures.yale.edu/document?id=ns22-001"
NS29,NS29,NA,Yokuts,North America,Hunter-gatherers,Yokut calendar,Included,Not excluded,"Gayton, A. H. (1948). Yokuts and western Mono ethnography: Vol. 1. Tulare Lake, Southern Valley, and Central Foothill Yokuts (Anthropological Records, Vol. 10, No. 1). University of California Press. https://ehrafworldcultures.yale.edu/document?id=ns29-001"
NS30,NS30,NA,Yuki,North America,Hunter-gatherers,Yuki calendar,Excluded,Partially missing data on some calendar units,"Foster, G. M. (1944). A summary of Yuki culture (Anthropological Records, pp. 155-244). University of California Press. https://ehrafworldcultures.yale.edu/document?id=ns30-002

Miller, V. P. (1978). Yuki, Huchnom, and Coast Yuki. In R. F. Heizer (Ed.), Handbook of North American Indians: Vol. 8. California (pp. 249-255). Smithsonian Institution. https://ehrafworldcultures.yale.edu/document?id=ns30-014"
NS31,NS31,NA,Yurok,North America,Hunter-gatherers,Yurok calendar,Excluded,Fully missing data on our six specific calendar units,"Kroeber, A. L. (1925). Handbook of the Indians of California (Bureau of American Ethnology Bulletin No. 78). Government Printing Office. https://ehrafworldcultures.yale.edu/document?id=ns31-009

Thompson, L. (1916). To the American Indian. Cummins Print Shop. https://ehrafworldcultures.yale.edu/document?id=ns31-012"
NT08,NT08,NA,Chiricahua Apache,North America,Hunter-gatherers,Chiricahua Apache calendar,Excluded,Fully missing data on our six specific calendar units,"Opler, M. E. (1941). An Apache life-way: The economic, social, and religious institutions of the Chiricahua Indians. University of Chicago Press. https://ehrafworldcultures.yale.edu/document?id=nt08-001"
NT09,NT09,NA,Hopi,North America,Intensive Agriculturalists,Hopi calendar,Excluded,Partially missing data on some calendar units,"Beaglehole, E., & Beaglehole, P. (1937). Notes on Hopi economic life (Yale University Publications in Anthropology No. 15). Yale University Press. https://ehrafworldcultures.yale.edu/document?id=nt09-029

Frigout, A. (1979). Hopi ceremonial organization. In A. Ortiz (Ed.), Handbook of North American Indians: Vol. 9. Southwest (pp. 564-576). Smithsonian Institution. https://ehrafworldcultures.yale.edu/document?id=nt09-042

Geertz, A. W., & Lomatuway'ma, M. (1987). Children of cottonwood: Piety and ceremonialism in Hopi Indian puppetry (American Tribal Religions, Vol. 12). University of Nebraska Press. https://ehrafworldcultures.yale.edu/document?id=nt09-055

Sekaquaptewa, H. (1969). Me and mine: The life story of Helen Sekaquaptewa (L. Udall, Ed.). University of Arizona Press. https://ehrafworldcultures.yale.edu/document?id=nt09-061

Stephen, A. M. (1969). Hopi journal of Alexander M. Stephen (E. C. Parsons, Ed.; Columbia University Contributions to Anthropology, Vol. 23). AMS Press. https://ehrafworldcultures.yale.edu/document?id=nt09-047"
NT13,NT13,NA,Navajo,North America,Agro-Pastoralists,Navajo calendar,Included,Not excluded,"Chamberlain, V. D. (2014). Diné (Navajo) ethno- and archaeoastronomy. In C. L. N. Ruggles (Ed.), Handbook of archaeoastronomy and ethnoastronomy (pp. 1051–1058). Springer. https://doi.org/10.1007/978-1-4614-6141-8_44

Hill, W. W. (1938). The agricultural and hunting methods of the Navaho Indians (Yale University Publications in Anthropology, No. 18). Yale University Press; H. Milford, Oxford University Press. https://ehrafworldcultures.yale.edu/document?id=nt13-008

Mitchell, F. (1978). Navajo Blessingway singer: The autobiography of Frank Mitchell, 1881–1967 (C. J. Frisbie & D. P. McAllester, Eds.). University of Arizona Press. https://ehrafworldcultures.yale.edu/document?id=nt13-298

Newcomb, F. J., Fishler, S. A., & Wheelwright, M. C. (1956). A study of Navajo symbolism (Papers of the Peabody Museum of American Archaeology and Ethnology, Vol. 32, No. 3). Peabody Museum. https://ehrafworldcultures.yale.edu/document?id=nt13-219"
NT14,NT14,NA,Havasupai,North America,Other Subsistence Combinations,Havasupai calendar,Included,Not excluded,"Spier, L. (1928). Havasupai ethnography. Anthropological Papers of the American Museum of Natural History, 29(3), 81–392. https://ehrafworldcultures.yale.edu/document?id=nt14-001"
NT18,NT18,NA,Tewa Pueblos,North America,Intensive Agriculturalists,Tewa Pueblos calendar,Excluded,Fully missing data on our six specific calendar units,"Parsons, E. C. (1929). The social organization of the Tewa of New Mexico (Memoirs of the American Anthropological Association No. 36). American Anthropological Association. https://ehrafworldcultures.yale.edu/document?id=nt18-001"
NT21,NT21,NA,Western Apache,North America,Primarily Hunter-gatherers,Western Apache calendar,Excluded,Partially missing data on some calendar units,"Bourke, J. G. (1892). The medicine-men of the Apache. In Ninth annual report of the Bureau of American Ethnology, 1887-88 (pp. 443-603). Government Printing Office. https://ehrafworldcultures.yale.edu/document?id=nt21-027"
NT23,NT23,NA,Zuni,North America,Intensive Agriculturalists,Zuni calendar,Included,Not excluded,"Cushing, F. H. (1920). Zuñi breadstuff (Indian Notes and Monographs, Vol. 8). Museum of the American Indian, Heye Foundation. https://ehrafworldcultures.yale.edu/document?id=nt23-007

Stevenson, M. C. (1904). The Zuni Indians: Their mythology, esoteric fraternities, and ceremonies (Bureau of American Ethnology, 23rd Annual Report, 1901–1902, pp. 1–634). Government Printing Office. https://ehrafworldcultures.yale.edu/document?id=nt23-004

Tedlock, B. (1983). Zuni sacred theater. American Indian Quarterly, 7(3), 93–110. https://ehrafworldcultures.yale.edu/document?id=nt23-028"
NT25,NT25,NA,Mescalero Apache,North America,Hunter-gatherers,Mescalero Apache calendar,Excluded,Partially missing data on some calendar units,"Farrer, C. R. (1991). Living life's circle: Mescalero Apache cosmovision. University of New Mexico Press. https://ehrafworldcultures.yale.edu/document?id=nt25-047"
NT43,NT43,NA,Maricopa,North America,Primarily Hunter-gatherers,Maricopa calendar,Included,Not excluded,"Harwell, H. O., & Kelly, M. C. S. (1983). Maricopa. In A. Ortiz (Ed.), Handbook of North American Indians: Vol. 10. Southwest (pp. 71–85). Smithsonian Institution. https://ehrafworldcultures.yale.edu/document?id=nt43-007

Nilsson, M. P. (1920). Primitive time-reckoning: A study in the origins and first development of the art of counting time among the primitive and early culture peoples. C. W. K. Gleerup.

Spier, L. (1933). Yuman tribes of the Gila River (University of Chicago Publications in Anthropology, Ethnological Series). University of Chicago Press. https://ehrafworldcultures.yale.edu/document?id=nt43-001"
NU07_A,NU07,NA,Aztecs (Mexica-Tenochca),South America,Intensive Agriculturalists,Xihuitl (Xiuhpōhualli) calendar,Included,Not excluded,"Dershowitz, N., & Reingold, E. M. (2018). Calendrical calculations: The ultimate edition (4th ed.). Cambridge University Press.

Hassig, R. (1982). Periodic markets in Precolumbian Mexico. American Antiquity, 47(2), 346–355. https://doi.org/10.2307/279906

Xiuhpōhualli. (2026, February 18). In Wikipedia. https://en.wikipedia.org/wiki/Xiuhp%C5%8Dhualli"
NU07_B,NU07,NA,Aztecs (Mexica-Tenochca),South America,Intensive Agriculturalists,Tonalpohualli calendar,Included,Not excluded,"Dershowitz, N., & Reingold, E. M. (2018). Calendrical calculations: The ultimate edition (4th ed.). Cambridge University Press.

Edmonson, M. S. (1988). The book of the year: Middle American calendrical systems. University of Utah Press.

Tōnalpōhualli. (2026, February 18). In Wikipedia. https://en.wikipedia.org/wiki/T%C5%8Dnalp%C5%8Dhualli"
NU19,NU19,NA,Huichol,Middle America and the Caribbean,Other Subsistence Combinations,Huichol calendar,Excluded,Fully missing data on our six specific calendar units,"Schaefer, S. B. (1989). The loom and time in the Huichol world. Journal of Latin American Lore, 15(2), 179-194. https://ehrafworldcultures.yale.edu/cultures/nu19/documents/006

Schaefer, S. B. (1996). The cosmos contained: The temple where sun and moon meet. In S. B. Schaefer & P. T. Furst (Eds.), People of the peyote: Huichol Indian history, religion, & survival (pp. 39-106). University of New Mexico Press. https://ehrafworldcultures.yale.edu/cultures/nu19/documents/021"
NU30,NU30,NA,Popoluca,Middle America and the Caribbean,Horticulturalists,Popoluca calendar,Excluded,Fully missing data on our six specific calendar units,"Foster, G. M. (1942). A primitive Mexican economy (Monographs of the American Ethnological Society). J. J. Augustin. https://ehrafworldcultures.yale.edu/cultures/nu30/documents/005

Foster, G. M. (1945). Sierra Popoluca folklore and beliefs (University of California Publications in American Archaeology and Ethnology, Vol. 42, No. 2, pp. 177-249). University of California Press. https://ehrafworldcultures.yale.edu/cultures/nu30/documents/003"
NU33,NU33,NA,Tarahumara,Middle America and the Caribbean,Agro-Pastoralists,Tarahumara calendar,Included,Not excluded,"Bennett, W. C., & Zingg, R. M. (1935). The Tarahumara: An Indian tribe of northern Mexico (University of Chicago Publications in Anthropology, Ethnological Series). University of Chicago Press. https://ehrafworldcultures.yale.edu/document?id=nu33-001"
NU34,NU34,NU76,Tarascans,Middle America and the Caribbean,Intensive Agriculturalists,Tarascan calendar,Included,Not excluded,"Boyd, M. (1958). Eight Tarascan legends (Contributions of the Florida State Museum, Social Sciences, No. 3). Florida State Museum. https://ehrafworldcultures.yale.edu/cultures/nu34/documents/011

Foster, G. M. (1948). Empire's children: The people of Tzintzuntzan (G. Ospina, Collab.; Smithsonian Institution Institute of Social Anthropology Publication No. 6). Impresora Nuevo Mundo. https://ehrafworldcultures.yale.edu/cultures/nu34/documents/019

Pollard, H. P. (1993). Tariacuri's legacy: The prehispanic Tarascan state (Civilization of the American Indian Series, Vol. 209). University of Oklahoma Press. https://ehrafarchaeology.yale.edu/document?id=nu76-004"
NU44,NU44,NY42,Zapotec,Middle America and the Caribbean,Horticulturalists,Zapotec ritual calendar,Included,Not excluded,"Marcus, J., & Flannery, K. V. (1996). The unification of the Valley of Oaxaca. In Zapotec civilization: How urban society evolved in Mexico's Oaxaca Valley (pp. 155–171). Thames and Hudson. https://ehrafarchaeology.yale.edu/document?id=ny42-026

Nader, L. (1969). The Zapotec of Oaxaca. In E. Z. Vogt (Ed.), Handbook of Middle American Indians: Vol. 7. Ethnology, part one (pp. 329–359). University of Texas Press. https://ehrafworldcultures.yale.edu/document?id=nu44-001

Whitecotton, J. W. (1977). The Zapotecs: Princes, priests, and peasants (Civilization of the American Indian Series). University of Oklahoma Press. https://ehrafworldcultures.yale.edu/document?id=nu44-002"
NU46,NU46,NA,Nahua,Middle America and the Caribbean,Other Subsistence Combinations,Nahua calendar,Included,Not excluded,"Redfield, R. (1930). Tepoztlan: A Mexican village. A study of folk life. University of Chicago Press. https://ehrafworldcultures.yale.edu/document?id=nu46-001"
NU79,NU79,NA,O'odham,North America,Other Subsistence Combinations,O'odham calendar,Included,Not excluded,"Bahr, D. M. (1988). Pima-Papago Christianity. Journal of the Southwest, 30(2), 132–167. https://ehrafworldcultures.yale.edu/document?id=nu79-025

Castetter, E. F., & Bell, W. H. (1942). Pima and Papago Indian agriculture (Inter-Americana Studies, Vol. 1). University of New Mexico Press. https://ehrafworldcultures.yale.edu/document?id=nu79-005

Underhill, R. M. (1939). Social organization of the Papago Indians (Columbia University Contributions to Anthropology, No. 30). Columbia University Press. https://ehrafworldcultures.yale.edu/document?id=nu79-002"
NV09,NV09,NA,Tzeltal,Middle America and the Caribbean,Horticulturalists,Tzeltal calendar,Excluded,Fully missing data on our six specific calendar units,"Nash, J. C. (1970). In the eyes of the ancestors: Belief and behavior in a Mayan community. Yale University Press. https://ehrafworldcultures.yale.edu/document?id=nv09-007

Redfield, R., & Villa Rojas, A. (1939). Notes on the ethnography of Tzeltal communities of Chiapas (Contributions to American Anthropology and History, Vol. 5, pp. 105-119). Carnegie Institution of Washington. https://ehrafworldcultures.yale.edu/document?id=nv09-002"
NV10_A,NV10,NY53,Mayans,South America,Intensive Agriculturalists,Maya Long Count calendar,Included,Not excluded,"Dershowitz, N., & Reingold, E. M. (2018). Calendrical calculations: The ultimate edition (4th ed.). Cambridge University Press. p.333"
NV10_B,NV10,NY53,Mayans,South America,Intensive Agriculturalists,Maya Haab' calendar,Included,Not excluded,"Dershowitz, N., & Reingold, E. M. (2018). Calendrical calculations: The ultimate edition (4th ed.). Cambridge University Press. p.333

Haabʼ. (2026, February 24). In Wikipedia. https://en.wikipedia.org/wiki/Haab%CA%BC"
NV10_C,NV10,NY53,Mayans,South America,Intensive Agriculturalists,Maya Tzolk'in calendar,Included,Not excluded,"Burns, A. F. (1983). An epoch of miracles: Oral literature of the Yucatec Maya (Texas Pan American Series). University of Texas Press. https://ehrafworldcultures.yale.edu/document?id=nv10-018

Dershowitz, N., & Reingold, E. M. (2018). Calendrical calculations: The ultimate edition (4th ed.). Cambridge University Press."
NW08_A,NW08,NA,Mam Maya,Middle America and the Caribbean,Horticulturalists,Mam Maya Haab' calendar,Included,Not excluded,"Oakes, M. (1969). The two crosses of Todos Santos: Survivals of Mayan religious ritual (Bollingen Series No. 27). Princeton University Press. https://ehrafworldcultures.yale.edu/cultures/nw08/documents/005

Stadelman, R. (1940). Maize cultivation in northwestern Guatemala (Contributions to American Anthropology and History, Vol. 6, No. 33; Carnegie Institution of Washington Publication No. 523, pp. 83–263). Carnegie Institution of Washington. https://ehrafworldcultures.yale.edu/document?id=nw08-004

Wagley, C. (1949). The social and religious life of a Guatemalan village (Memoirs of the American Anthropological Association No. 71). American Anthropological Association. https://ehrafworldcultures.yale.edu/document?id=nw08-002"
NW08_B,NW08,NA,Mam Maya,Middle America and the Caribbean,Horticulturalists,Mam Maya Tzolk'in calendar,Included,Not excluded,"Oakes, M. (1969). The two crosses of Todos Santos: Survivals of Mayan religious ritual (Bollingen Series No. 27). Princeton University Press. https://ehrafworldcultures.yale.edu/cultures/nw08/documents/005

Stadelman, R. (1940). Maize cultivation in northwestern Guatemala (Contributions to American Anthropology and History, Vol. 6, No. 33; Carnegie Institution of Washington Publication No. 523, pp. 83–263). Carnegie Institution of Washington. https://ehrafworldcultures.yale.edu/document?id=nw08-004

Wagley, C. (1949). The social and religious life of a Guatemalan village (Memoirs of the American Anthropological Association No. 71). American Anthropological Association. https://ehrafworldcultures.yale.edu/document?id=nw08-002"
OA08,OA08,NA,Sama-Bajau,Asia,Primarily Hunter-gatherers,Sama-Bajau calendar,Excluded,Partially missing data on some calendar units,"Sather, C. (1997). The Bajau Laut: Adaptation, history, and fate in a maritime fishing society of south-east Sabah (South-East Asian Social Science Monographs). Oxford University Press. https://ehrafworldcultures.yale.edu/cultures/oa08/documents/011"
OA19,OA19,NA,Ifugao,Asia,Intensive Agriculturalists,Ifugao calendar,Excluded,Partially missing data on some calendar units,"Daguio, A. T. (1952). Hudhud hi Aliguyon: A translation of an Ifugao harvest song with introduction and notes [Master's thesis]. https://ehrafworldcultures.yale.edu/document?id=oa19-010

Wilson, L. L. (1956). The skyland of the Philippines (2nd ed.). Benipayo Press."
OC06,OC06,NA,Iban,Asia,Horticulturalists,Iban calendar,Excluded,Partially missing data on some calendar units,"Komanyi, M. I. (1973). The real and ideal participation in decision-making of Iban women: A study of a longhouse community in Sarawak, east Malaysia [Doctoral dissertation]. University Microfilms. https://ehrafworldcultures.yale.edu/document?id=oc06-028

Sandin, B. (1976). Iban way of life: A translation from Tusun Pandiau. Borneo Literature Bureau. https://ehrafworldcultures.yale.edu/document?id=oc06-032"
OD09,OD09,NA,Mentawaians,Asia,Horticulturalists,Mentawaian calendar,Excluded,Fully missing data on our six specific calendar units,"Loeb, E. M. (1929). Mentawei myths. Bijdragen tot de Taal-, Land- en Volkenkunde van Nederlandsch-Indie, 85, 66-244. https://ehrafworldcultures.yale.edu/document?id=od09-002"
OE05_A,OE05,NA,Javanese,Asia,Intensive Agriculturalists,Javanese Mangsa calendar,Included,Not excluded,"Dewey, A. G. (1962). Peasant marketing in Java (Series on Contemporary Javanese Life). Free Press of Glencoe. https://ehrafworldcultures.yale.edu/document?id=oe05-004

Geertz, C. (1960). The religion of Java. Free Press. https://ehrafworldcultures.yale.edu/document?id=oe05-018

Gislén, L., & Eade, J. C. (2019). The calendars of Southeast Asia. 4: Malaysia and Indonesia. Journal of Astronomical History and Heritage, 22(3), 447–457. https://doi.org/10.3724/SP.J.1440-2807.2019.03.06

Javanese calendar. (2026, March 4). In Wikipedia. https://en.wikipedia.org/wiki/Javanese_calendar

Koentjaraningrat. (1985). Javanese culture. Oxford University Press. https://ehrafworldcultures.yale.edu/document?id=oe05-037

Proudfoot, I. (2006). Old Muslim calendars of Southeast Asia. Brill."
OE05_B,OE05,NA,Javanese,Asia,Intensive Agriculturalists,Muslim-Javanese Wulan calendar,Included,Not excluded,"Dewey, A. G. (1962). Peasant marketing in Java (Series on Contemporary Javanese Life). Free Press of Glencoe. https://ehrafworldcultures.yale.edu/document?id=oe05-004

Geertz, C. (1960). The religion of Java. Free Press. https://ehrafworldcultures.yale.edu/document?id=oe05-018

Gislén, L., & Eade, J. C. (2019). The calendars of Southeast Asia. 4: Malaysia and Indonesia. Journal of Astronomical History and Heritage, 22(3), 447–457. https://doi.org/10.3724/SP.J.1440-2807.2019.03.06

Karjanto, N., & Beauducel, F. (2020). An ethnoarithmetic excursion into the Javanese calendar. arXiv. https://doi.org/10.48550/arXiv.2012.10064

Koentjaraningrat. (1985). Javanese culture. Oxford University Press. https://ehrafworldcultures.yale.edu/document?id=oe05-037

Proudfoot, I. (2006). Old Muslim calendars of Southeast Asia. Brill."
OF07_A,OF07,NA,Balinese,Asia,Intensive Agriculturalists,Balinese Pawukon calendar,Included,Not excluded,"Belo, J. (1953). Bali: Temple festival (Monographs of the American Ethnological Society No. 22). J. J. Augustin. https://ehrafworldcultures.yale.edu/document?id=of07-003

Dershowitz, N., & Reingold, E. M. (2018). Calendrical calculations: The ultimate edition (4th ed.). Cambridge University Press.

Geertz, C. (1993). The interpretation of cultures: Selected essays. Fontana Press. (Original work published 1973)

Lansing, J. S. (2007). Priests and programmers: Technologies of power in the engineered landscape of Bali. Princeton University Press. (Original work published 1991)"
OF07_B,OF07,NA,Balinese,Asia,Intensive Agriculturalists,Balinese Śaka calendar,Included,Not excluded,"Chatterjee, S. K. (1997). Balinese traditional calendar. Indian Journal of History of Science, 32(4), 315–329.

Dershowitz, N., & Reingold, E. M. (2018). Calendrical calculations: The ultimate edition (4th ed.). Cambridge University Press.

Gislén, L., & Eade, J. C. (2019). The calendars of Southeast Asia. 4: Malaysia and Indonesia. Journal of Astronomical History and Heritage, 22(3), 447–457. https://doi.org/10.3724/SP.J.1440-2807.2019.03.06"
OG11,OG11,NA,Eastern Toraja,Asia,Horticulturalists,Eastern Toraja calendar,Excluded,Partially missing data on some calendar units,"Adriani, N., & Kruijt, A. C. (1951). The Bare'e-speaking Toradja of central Celebes (the East Toradja): Vol. 3 (Verhandelingen der Koninklijke Nederlandse Akademie van Wetenschappen, No. 1). Noord-Hollandsche Uitgevers Maatschappij. https://ehrafworldcultures.yale.edu/document?id=og11-004"
OH18,OH18,NA,Tobelo,Asia,Horticulturalists,Tobelo calendar,Excluded,Partially missing data on some calendar units,"Hueting, A. (1922). De Tobeloreezen in hun denken en doen: Deel 2. Bijdragen tot de Taal-, Land- en Volkenkunde van Nederlandsch-Indie, 78(1/2), 137-342. https://ehrafworldcultures.yale.edu/cultures/oh18/documents/010"
OI08,OI08,NA,Aranda,Oceania,Hunter-gatherers,Aranda calendar,Excluded,Partially missing data on some calendar units,"Spencer, B., & Gillen, F. J. (1927). The Arunta: A study of a stone age people. Macmillan. https://ehrafworldcultures.yale.edu/document?id=oi08-001"
OI20,OI20,NA,Tiwi,Oceania,Hunter-gatherers,Tiwi calendar,Excluded,Fully missing data on our six specific calendar units,"Goodale, J. C. (1971). Tiwi wives: A study of the women of Melville Island, North Australia (Monographs of the American Ethnological Society). University of Washington Press. https://ehrafworldcultures.yale.edu/document?id=oi20-014"
OJ13,OJ13,NA,Kwoma,Oceania,Other Subsistence Combinations,Kwoma calendar,Excluded,Partially missing data on some calendar units,"Whiting, J. W. M. (1941). Becoming a Kwoma: Teaching and learning in a New Guinea tribe. Yale University Press. https://ehrafworldcultures.yale.edu/document?id=oj13-001"
OJ23,OJ23,NA,Orokaiva,Oceania,Other Subsistence Combinations,Orokaiva calendar,Excluded,Partially missing data on some calendar units,"Schwimmer, E. G. (1973). Exchange in the social structure of the Orokaiva: Traditional and emergent ideologies in the northern district of Papua. C. Hurst. https://ehrafworldcultures.yale.edu/document?id=oj23-005

Waddell, E., & Krinks, P. A. (1968). The organisation of production and distribution among the Orokaiva: An analysis of work and exchange in two communities participating in both the subsistence and monetary sectors of the economy (New Guinea Research Bulletin No. 24). New Guinea Research Unit, Australian National University. https://ehrafworldcultures.yale.edu/document?id=oj23-008"
OJ27,OJ27,NA,Wogeo,Oceania,Other Subsistence Combinations,Wogeo calendar,Excluded,Fully missing data on our six specific calendar units,"Hogbin, H. I. (1939). Tillage and collection: A New Guinea economy. Australasian Medical Publishing. https://ehrafworldcultures.yale.edu/document?id=oj27-001

Leach, E. R. (1950). Primitive calendars. Oceania, 20(4), 245-262."
OJ29,OJ29,NA,Kapauku,Oceania,Intensive Agriculturalists,Kapauku calendar,Excluded,Partially missing data on some calendar units,"Pospisil, L. J. (1963). Kapauku Papuan economy (Yale University Publications in Anthropology). Department of Anthropology, Yale University. https://ehrafworldcultures.yale.edu/document?id=oj29-005"
OL06,OL06,NA,Trobriands,Oceania,Other Subsistence Combinations,Trobriand calendar,Included,Not excluded,"Austen, L. (1939). The seasonal gardening calendar of Kiriwina, Trobriand Islands. Oceania, 9(3), 237–253. https://doi.org/10.1002/j.1834-4461.1939.tb00231.x

Brindley, M. (1984). The symbolic role of women in Trobriand gardening (Miscellanea Anthropologica). University of South Africa. https://ehrafworldcultures.yale.edu/document?id=ol06-029

Damon, F. H. (1990). From Muyuw to the Trobriands: Transformations along the northern side of the Kula Ring. University of Arizona Press. https://ehrafworldcultures.yale.edu/document?id=ol07-001

Leach, E. R. (1950). Primitive calendars. Oceania, 20(4), 245–262. https://doi.org/10.1002/j.1834-4461.1950.tb00164.x

Malinowski, B. (1922). Argonauts of the western Pacific: An account of native enterprise and adventure in the archipelagoes of Melanesian New Guinea. George Routledge & Sons. https://ehrafworldcultures.yale.edu/document?id=ol06-001

Malinowski, B. (1935). Coral gardens and their magic: A study of the methods of tilling the soil and of agricultural rites in the Trobriand Islands: Vol. 1. The description of gardening. American Book Company. https://ehrafworldcultures.yale.edu/document?id=ol06-002"
OL07,OL07,NA,Northeastern Massim (Muyuw),Oceania,Other Subsistence Combinations,Muyuw calendar,Included,Not excluded,"Damon, F. H. (1990). From Muyuw to the Trobriands: Transformations along the northern side of the Kula Ring. University of Arizona Press. https://ehrafworldcultures.yale.edu/document?id=ol07-001

Damon, F. H. (1996). The Woodlark Island calendar: Contexts for interpretation. Archaeoastronomy, 12, 175–190."
OM06,OM06,NA,Manus,Oceania,Hunter-gatherers,Manus calendar,Excluded,Fully missing data on our six specific calendar units,"Carrier, J. G., & Carrier, A. H. (1989). Wage, trade, and exchange in Melanesia: A Manus society in the modern state (Studies in Melanesian Anthropology). University of California Press. https://ehrafworldcultures.yale.edu/document?id=om06-009

Fortune, R. F. (1935). Manus religion: An ethnological study of the Manus natives of the Admiralty Islands (Memoirs of the American Philosophical Society, Vol. 3). American Philosophical Society. https://ehrafworldcultures.yale.edu/document?id=om06-003

Mead, M. (1956). New lives for old: Cultural transformation - Manus, 1928-1953. William Morrow. https://ehrafworldcultures.yale.edu/document?id=om06-002"
OM24,OM24,NA,Lesu,Oceania,Other Subsistence Combinations,Lesu calendar,Excluded,Partially missing data on some calendar units,"Powdermaker, H. (1933). Life in Lesu: The study of a Melanesian society in New Ireland. W. W. Norton. https://ehrafworldcultures.yale.edu/document?id=om24-001"
ON13,ON13,NA,Santa Cruz Islanders,Oceania,Horticulturalists,Santa Cruz Islander calendar,Excluded,Partially missing data on some calendar units,"Graebner, F. (1909). Ethnography of the Santa Cruz Islands (F. Schutze, Trans.). Ethnologica, 1, 71-184. https://ehrafworldcultures.yale.edu/document?id=on13-001"
ON19,ON19,NA,Siwai,Oceania,Agro-Pastoralists,Siwai calendar,Included,Not excluded,"Oliver, D. L. (1955). A Solomon Island society: Kinship and leadership among the Siuai of Bougainville. Harvard University Press. https://ehrafworldcultures.yale.edu/document?id=on19-001"
ON26,ON26,NA,Tinputz,Oceania,Other Subsistence Combinations,Tinputz calendar,Included,Not excluded,"Blackwood, B. (1935). Both sides of Buka Passage: An ethnographic study of social, sexual, and economic questions in the north-western Solomon Islands. Clarendon Press. https://ehrafworldcultures.yale.edu/document?id=on26-001"
OO12,OO12,NA,Malekula,Oceania,Horticulturalists,Malekula calendar,Excluded,Fully missing data on our six specific calendar units,"Deacon, A. B. (1934). Malekula: A vanishing people in the New Hebrides (C. H. Wedgwood, Ed.). George Routledge and Sons. https://ehrafworldcultures.yale.edu/document?id=oo12-004

Layard, J. (1942). Stone men of Malekula. Chatto & Windus. https://ehrafworldcultures.yale.edu/document?id=oo12-001"
OP04,OP04,NA,Kanak,Oceania,Intensive Agriculturalists,Kanak calendar,Excluded,Partially missing data on some calendar units,"Leenhardt, M. (1979). Do kamo: Person and myth in the Melanesian world (B. M. Gulati, Trans.). University of Chicago Press. https://ehrafworldcultures.yale.edu/document?id=op04-004"
OQ06,OQ06,NA,Lau Fijians,Oceania,Other Subsistence Combinations,Lau Fijian calendar,Excluded,Fully missing data on our six specific calendar units,"Hocart, A. M. (1929). Lau Islands, Fiji (Bernice P. Bishop Museum Bulletin No. 62). Bishop Museum. https://ehrafworldcultures.yale.edu/document?id=oq06-001

Thompson, L. (1940). Fijian frontier (Studies of the Pacific No. 4). American Council, Institute of Pacific Relations. https://ehrafworldcultures.yale.edu/document?id=oq06-003"
OQ12,OQ12,NA,Bau Fijians,Oceania,Primarily Hunter-gatherers,Bau Fijian calendar,Excluded,Partially missing data on some calendar units,"Waterhouse, J. (1866). The king and people of Fiji: Containing a life of Thakombau; with notices of the Fijians, their manners, customs, and superstitions, previous to the great religious reformation in 1854. Wesleyan Conference Office. https://ehrafworldcultures.yale.edu/cultures/oq12/documents/003"
OR11,OR11,NA,Marshallese,Oceania,Other Subsistence Combinations,Marshallese calendar,Excluded,Partially missing data on some calendar units,"Kramer, A., & Nevermann, H. (1938). Ralik-Ratak (Marshall Islands) (C. Brant & J. M. Armstrong, Trans.; Ergebnisse der Sudsee-Expedition 1908-1910, II: Ethnographie, B: Mikronesien, Vol. 11). Friederichsen, De Gruyter. https://ehrafworldcultures.yale.edu/document?id=or11-002"
OR15,OR15,NA,Belau (Palauans),Oceania,Other Subsistence Combinations,Palau calendar,Included,Not excluded,"Aoyagi, M. (1982). The geographical recognition of Palauan people with special reference to the four directions. In M. Aoyagi (Ed.), Islanders and their outside world (pp. 3–33). St. Paul's (Rikkyo) University, Committee for Micronesian Research. https://ehrafworldcultures.yale.edu/document?id=or15-017

Johannes, R. E. (1981). Rhythms of fish and fishermen. In Words of the lagoon: Fishing and marine lore in the Palau District of Micronesia (pp. 32–58). University of California Press. https://ehrafworldcultures.yale.edu/document?id=or15-030

Klee, G. A. (1973). The cyclic realities of man and nature in a Palauan village [Doctoral dissertation, University of Oregon]. ProQuest Dissertations and Theses.

Parmentier, R. J. (1987). The sacred remains: Myth, history, and polity in Belau. University of Chicago Press. https://ehrafworldcultures.yale.edu/document?id=or15-002"
OR19,OR19,NA,Chuuk (Trukese),Oceania,Other Subsistence Combinations,Chuuk calendar,Excluded,Partially missing data on some calendar units,"Bollig, L. (1927). The inhabitants of the Truk Islands: Religion, life and a short grammar of a Micronesian people. Aschendorff. https://ehrafworldcultures.yale.edu/document?id=or19-022

Goodenough, W. H. (1953). Native astronomy in the Central Carolines (University Museum Monographs). University Museum, University of Pennsylvania. https://ehrafworldcultures.yale.edu/document?id=or19-018"
OR21,OR21,NA,Woleai Region,Oceania,Other Subsistence Combinations,Woleai calendar,Included,Not excluded,"Alkire, W. H. (1970). Systems of measurement on Woleai Atoll, Caroline Islands. Anthropos, 65(1–2), 1–73.

Bates, M., & Abbott, D. P. (1958). Coral island: Portrait of an atoll. Scribner. https://ehrafworldcultures.yale.edu/document?id=or21-041

Burrows, E. G., & Spiro, M. E. (1953). An atoll culture: Ethnography of Ifaluk in the central Carolines (Behavior Science Monographs). Human Relations Area Files. https://ehrafworldcultures.yale.edu/document?id=or21-042

Krämer, A. (1937). The central Carolines: Part 1. The Lamotrek Group, Woleai (Ergebnisse der Südsee-Expedition 1908–1910, Vol. 10, pp. 1–291). Friederichsen, De Gruyter. https://ehrafworldcultures.yale.edu/cultures/or21/documents/004

Spiro, M. E. (1949). Ifaluk: A South Sea culture. Pacific Science Board, National Research Council. https://ehrafworldcultures.yale.edu/document?id=or21-028"
OR22,OR22,NA,Yapese,Oceania,Other Subsistence Combinations,Yapese calendar,Excluded,Partially missing data on some calendar units,"Muller, W. (1917). Yap (Ergebnisse der Sudsee-Expedition 1908-1910, II: Ethnographie, B: Mikronesien, Vol. 2). L. Friederichsen. https://ehrafworldcultures.yale.edu/document?id=or22-006

Salesius, F. (1906). The Caroline Island Yap. Wilhelm Susserot. https://ehrafworldcultures.yale.edu/document?id=or22-002

Senfft, A. (1903). Ethnographic contributions concerning the Caroline Islands of Yap. Petermanns Mitteilungen aus Justus Perthes' Geographischer Anstalt, 49, 49-60, 83-87. https://ehrafworldcultures.yale.edu/document?id=or22-005"
OT11,OT11,NA,Tikopia,Oceania,Other Subsistence Combinations,Tikopia calendar,Excluded,Partially missing data on some calendar units,"Firth, R. (1940). The work of the gods in Tikopia (London School of Economics Monographs on Social Anthropology No. 1). London School of Economics and Political Science. https://ehrafworldcultures.yale.edu/document?id=ot11-003

Firth, R. (1956). Ceremonies for children and social frequency in Tikopia. Oceania, 27(1), 12-55. https://ehrafworldcultures.yale.edu/document?id=ot11-022"
OU09,OU09,NA,Tongans,Oceania,Horticulturalists,Tongan calendar,Included,Not excluded,"Collocott, E. E. V. (1922). Tongan astronomy and calendar (Occasional Papers of the Bernice P. Bishop Museum, Vol. 8, No. 4, pp. 155–173). Bishop Museum Press. https://ehrafworldcultures.yale.edu/document?id=ou09-009

Urbanowicz, C. F. (1978). Tongan culture: The methodology of an ethnographic reconstruction [Doctoral dissertation, University of Oregon]. University Microfilms. https://ehrafworldcultures.yale.edu/document?id=ou09-074"
OV05,OV05,NA,Hawaiians,Oceania,Other Subsistence Combinations,Hawaiian calendar,Included,Not excluded,"Bryan, E. H. (1968). Astronomy and the calendar. In Ancient Hawaiian civilization: A series of lectures delivered at the Kamehameha Schools (pp. 51–58). Charles E. Tuttle.

Handy, E. S. C., & Pukui, M. K. (1972). The Polynesian family system in Ka-ʻU, Hawaiʻi. Charles E. Tuttle. https://ehrafworldcultures.yale.edu/cultures/ov05/documents/004

Kamakau, S. M. (1976). The works of the people of old: Na hana a ka poʻe kahiko (D. B. Barrère, Ed.; M. K. Pukui, Trans.; Bernice P. Bishop Museum Special Publication No. 61). Bishop Museum Press. https://ehrafworldcultures.yale.edu/document?id=ov05-010"
OX06,OX06,NA,Marquesas,Oceania,Other Subsistence Combinations,Marquesas calendar,Excluded,Partially missing data on some calendar units,"Handy, E. S. C. (1923). The native culture in the Marquesas (Bernice P. Bishop Museum Bulletin No. 9). Bishop Museum. https://ehrafworldcultures.yale.edu/document?id=ox06-001

Linton, R. (1923). The material culture of the Marquesas Islands. Memoirs of the Bernice Pauahi Bishop Museum, 8(5), 263-468. https://ehrafworldcultures.yale.edu/document?id=ox06-007"
OY02,OY02,NA,Rapa Nui,Oceania,Horticulturalists,Rapa Nui calendar,Included,Not excluded,"Horley, P. (2011). Lunar calendar in rongorongo texts and rock art of Easter Island. Journal de la Société des Océanistes, 132, 17–38. https://doi.org/10.4000/jso.6314

Métraux, A. (1940). Ethnology of Easter Island (Bernice P. Bishop Museum Bulletin No. 160, pp. 3–432). Bishop Museum Press. https://ehrafworldcultures.yale.edu/document?id=oy02-001"
OZ04,OZ04,NA,Maori,Oceania,Primarily Hunter-gatherers,Maori calendar,Included,Not excluded,"Best, E. (1922). The Maori division of time (Dominion Museum Monograph No. 4). Dominion Museum. https://archive.org/details/maoridivisionoft00bestuoft

Best, E. (1924). The Maori: Vol. 2 (Memoirs of the Polynesian Society, Vol. 5, pp. 1–638). H. H. Tombs. https://ehrafworldcultures.yale.edu/document?id=oz04-002

Firth, R. (1959). Economics of the New Zealand Maori (2nd ed.). R. E. Owen, Government Printer. https://ehrafworldcultures.yale.edu/document?id=oz04-004

Webster, H. (1916). Rest days: A study in early law and morality. Macmillan."
RF10,RF10,NA,Soviets,Europe,Intensive Agriculturalists,Soviet calendar,Included,Not excluded,"Soviet calendar. (2026, January 15). In Wikipedia. https://en.wikipedia.org/wiki/Soviet_calendar"
RI03,RI03,NA,Abkhazians,Asia,Pastoralists,Abkhazian calendar,Excluded,Partially missing data on some calendar units,"Janashia, N. S. (1937). The religious beliefs of the Abkhasians. Georgica, 1(4), 117-153. https://ehrafworldcultures.yale.edu/document?id=ri03-003"
RJ01,RJ01,NA,Armenians,Asia,Intensive Agriculturalists,Armenian calendar,Included,Not excluded,"Armenian calendar. (2025, July 23). In Wikipedia. https://en.wikipedia.org/wiki/Armenian_calendar"
RU04,RU04,NA,Samoyed,Asia,Primarily Hunter-gatherers,Samoyed calendar,Excluded,Partially missing data on some calendar units,"Popov, A. A. (1966). The Nganasan: The material culture of the Tavgi Samoyeds (E. K. Ristinen, Trans.; Uralic and Altaic Series, Vol. 56). Indiana University. https://ehrafworldcultures.yale.edu/document?id=ru04-006"
RU41,RU41,NA,Nenets,Asia,Primarily Hunter-gatherers,Nenets calendar,Excluded,Partially missing data on some calendar units,"Islavin, V. (1847). The Samoyed in their domestic and social life (S. Wise, Trans.). Ministerstvo Gosudarstvennykh Imushchestv. https://ehrafworldcultures.yale.edu/document?id=ru41-002"
RV02_A,RV02,NA,Yakut,Asia,Other Subsistence Combinations,Yakut lunisolar calendar,Excluded,Partially missing data on some calendar units,"Jochelson, W. (1933). The Yakut (Anthropological Papers of the American Museum of Natural History, Vol. 33, Pt. 2, pp. 33-225). American Museum of Natural History. https://ehrafworldcultures.yale.edu/document?id=rv02-002

Sauer, M. (1802). An account of a geographical and astronomical expedition to the northern parts of Russia by Commodore Joseph Billings, in the years 1785-1794. T. Cadell, Jun. and W. Davies. https://ehrafworldcultures.yale.edu/cultures/rv02/documents/006"
RV02_B,RV02,NA,Yakut,Asia,Other Subsistence Combinations,Yakut solar calendar,Excluded,Partially missing data on some calendar units,"Jochelson, W. (1933). The Yakut (Anthropological Papers of the American Museum of Natural History, Vol. 33, Pt. 2, pp. 33-225). American Museum of Natural History. https://ehrafworldcultures.yale.edu/document?id=rv02-002

Sauer, M. (1802). An account of a geographical and astronomical expedition to the northern parts of Russia by Commodore Joseph Billings, in the years 1785-1794. T. Cadell, Jun. and W. Davies. https://ehrafworldcultures.yale.edu/document?id=rv02-006"
RV03,RV03,NA,Yukaghir,Asia,Primarily Hunter-gatherers,Yukaghir calendar,Included,Not excluded,"Jochelson, W. (1975). The Yukaghir and the Yukaghirized Tungus (Memoirs of the American Museum of Natural History, Vol. 13). AMS Press. (Original work published 1926) https://ehrafworldcultures.yale.edu/document?id=rv03-001"
RX02,RX02,NA,Nivkh,Asia,Primarily Hunter-gatherers,Nivkh calendar,Included,Not excluded,"Black, L. (1973). The Nivkh (Gilyak) of Sakhalin and the Lower Amur. Arctic Anthropology, 10(1), 1–110. https://ehrafworldcultures.yale.edu/document?id=rx02-023

Schrenck, L. von (1885). The peoples of the Amur region (F. Schütze, Trans.). In Reisen und Forschungen im Amur-Lande in den Jahren 1854–1856 (Vol. 3, pp. 1–776). Kaiserliche Akademie der Wissenschaften. https://ehrafworldcultures.yale.edu/document?id=rx02-002

Seeland, N. (1882). The Gilyaks: An ethnographic sketch (F. Schütze, Trans.). Russische Revue, 21, 97–130, 222–254. https://ehrafworldcultures.yale.edu/document?id=rx02-013"
RY02,RY02,NA,Chukchee,Asia,Pastoralists,Chukchee calendar,Included,Not excluded,"Orlovskii, P. N. (1928). A year in the life of an Anadyr-Chukchee reindeer raiser (L. Bromwich, Trans.). Severnaia Aziia, 2, 61–70. https://ehrafworldcultures.yale.edu/document?id=ry02-022

Sverdrup, H. U. (1938). With the people of the tundra. Gyldendal Norsk Forlag. https://ehrafworldcultures.yale.edu/cultures/ry02/documents/016"
RY04,RY04,NA,Koryaks,Asia,Primarily Hunter-gatherers,Koryak calendar,Excluded,Fully missing data on our six specific calendar units,"Jochelson, W. (1905-1908). The Koryak (Memoirs of the American Museum of Natural History, Vol. 10; Jesup North Pacific Expedition Publications). E. J. Brill; G. E. Stechert. https://ehrafworldcultures.yale.edu/document?id=ry04-001

Krasheninnikov, S. P. (1764). Of the nation of the Koreki. In The history of Kamtschatka, and the Kurilski Islands, with the countries adjacent (J. Grieve, Trans., pp. 222-234). R. Raikes; T. Jefferys. https://ehrafworldcultures.yale.edu/document?id=ry04-023"
SA12,SA12,NA,Garifuna,Middle America and the Caribbean,Horticulturalists,Garifuna calendar,Excluded,Partially missing data on some calendar units,"Gullick, C. J. M. R. (1976). Exiled from St. Vincent: The development of Black Carib culture in Central America up to 1945. Progress Press. https://ehrafworldcultures.yale.edu/document?id=sa12-003

Taylor, D. M. (1951). The Black Carib of British Honduras (Viking Fund Publications in Anthropology). Wenner-Gren Foundation for Anthropological Research. https://ehrafworldcultures.yale.edu/document?id=sa12-007"
SA15,SA15,NA,Miskito,Middle America and the Caribbean,Primarily Hunter-gatherers,Miskito calendar,Excluded,Partially missing data on some calendar units,"Conzemius, E. (1932). Ethnographical survey of the Miskito and Sumu Indians of Honduras and Nicaragua (Bureau of American Ethnology Bulletin). U.S. Government Printing Office. https://ehrafworldcultures.yale.edu/document?id=sa15-001"
SA19,SA19,NA,Talamancans,Middle America and the Caribbean,Other Subsistence Combinations,Talamancan calendar,Excluded,Partially missing data on some calendar units,"Gabb, W. M. (1876). On the Indian tribes and languages of Costa Rica. Proceedings of the American Philosophical Society, 14, 483-602. https://ehrafworldcultures.yale.edu/document?id=sa19-001

Stone, D. (1962). The Talamancan tribes of Costa Rica (Papers of the Peabody Museum of American Archaeology and Ethnology, Vol. 43, No. 2). Peabody Museum. https://ehrafworldcultures.yale.edu/document?id=sa19-006"
SB05,SB05,NA,Kuna,Middle America and the Caribbean,Horticulturalists,Kuna calendar,Included,Not excluded,"Holmer, N. M. (1951). Cuna chrestomathy (Etnologiska Studier, Vol. 18). Etnografiska Museet. https://ehrafworldcultures.yale.edu/cultures/sb05/documents/021

Marshall, D. S. (n.d.). Cuna folk: A conceptual scheme involving the dynamic factors of culture, as applied to the Cuna Indians of Darien [Unpublished manuscript]. https://ehrafworldcultures.yale.edu/cultures/sb05/documents/012

McKim, F. (1947). San Blas: An account of the Cuna Indians of Panama. The forbidden land: Reconnaissance of upper Bayano River, R.P., in 1936. Two posthumous works (H. Wassén, Ed.; Etnologiska Studier, Vol. 15). Etnografiska Museet. https://ehrafworldcultures.yale.edu/cultures/sb05/documents/005

Ventocilla, J., Herrera, H., & Núñez, V. (1995). Plants and animals in the life of the Kuna (E. Roeder, Trans.; Translations from Latin America Series). University of Texas Press. https://ehrafworldcultures.yale.edu/document?id=sb05-038

Wafer, L. (1934). A new voyage and description of the Isthmus of America (G. P. Winship, Ed.; Hakluyt Society, 2nd Series, No. 73). Hakluyt Society. (Original work published 1699) https://ehrafworldcultures.yale.edu/cultures/sb05/documents/002"
SC07,SC07,NA,Kogi,South America,Horticulturalists,Kogi calendar,Included,Not excluded,"Reichel-Dolmatoff, G. (1950). The Kogi: A tribe of the Sierra Nevada de Santa Marta, Colombia: Vol. 1 (S. Muirden, Trans.). Revista del Instituto Etnológico Nacional, 4(1–2), 1–319. https://ehrafworldcultures.yale.edu/document?id=sc07-001

Reichel-Dolmatoff, G. (1951). The Kogi: A tribe of the Sierra Nevada de Santa Marta, Colombia: Vol. 2 (S. Muirden, Trans.). Editorial Iqueima. https://ehrafworldcultures.yale.edu/document?id=sc07-002

Reichel-Dolmatoff, G. (1990). The sacred mountain of Colombia's Kogi Indians (Iconography of Religions, Section 9: South and Central America, Fasc. 2). E. J. Brill. https://ehrafworldcultures.yale.edu/document?id=sc07-008"
SD09,SD09,NA,Jivaro,South America,Horticulturalists,Jivaro calendar,Included,Not excluded,"Descola, P. (1996). The spears of twilight: Life and death in the Amazon jungle (J. Lloyd, Trans.). New Press. (Original work published 1993)

Harner, M. J. (1973). The Jívaro: People of the sacred waterfalls. Anchor Press/Doubleday. https://ehrafworldcultures.yale.edu/document?id=sd09-034

Karsten, R. (1935). The head-hunters of Western Amazonas: The life and culture of the Jibaro Indians of eastern Ecuador and Peru (Commentationes Humanarum Litterarum, Vol. 7, No. 1). Centraltryckeriet. https://ehrafworldcultures.yale.edu/document?id=sd09-001"
SD16,SD16,NA,Otavalo Quichua,South America,Horticulturalists,Otavalo Quichua calendar,Excluded,Partially missing data on some calendar units,"Parsons, E. C. (1945). Peguche, canton of Otavalo, province of Imbabura: A study of Andean Indians (University of Chicago Publications in Anthropology, Ethnological Series). University of Chicago Press. https://ehrafworldcultures.yale.edu/document?id=sd16-001

Wibbelsman, M. C. (2007). Rimarishpa kausanchik: Dialogical encounters: Festive ritual practices and the making of the Otavalan moral and mythic community [Doctoral dissertation]. ProQuest Information and Learning. https://ehrafworldcultures.yale.edu/document?id=sd16-003"
SD18,SD18,NA,Canelos Quichua,South America,Horticulturalists,Canelos Quichua calendar,Excluded,Partially missing data on some calendar units,"Whitten, N. E. (1976). Ritual structure. In Sacha Runa: Ethnicity and adaptation of Ecuadorian jungle Quichua (pp. 165-202). University of Illinois Press. https://ehrafworldcultures.yale.edu/document?id=sd18-002"
SE06,SE06,NA,Amahuaca,South America,Other Subsistence Combinations,Amahuaca calendar,Excluded,Fully missing data on our six specific calendar units,"Carneiro, R. L. (1964). Shifting cultivation among the Amahuaca of eastern Peru. In H. Becher (Ed.), Beitrage zur Volkerkunde Sudamerikas: Festgabe fur Herbert Baldus zum 65. Geburtstag (pp. 9-18). Kommissionsverlag Munstermann-Druck. https://ehrafworldcultures.yale.edu/document?id=se06-002

Woodside, J. H. (2014). Developmental sequences in Amahuaca society [Doctoral dissertation]. University Microfilms International. https://ehrafworldcultures.yale.edu/document?id=se06-008"
SE13,SE13,SE80,Inka,South America,Intensive Agriculturalists,Inka lunisolar calendar,Excluded,Partially missing data on some calendar units,"Polo de Ondegardo, J. (1916). Information concerning the religion and government of the Incas (H. H. Urteaga & C. A. Romero, Eds.; A. Brunel, J. Murra, & S. Muirden, Trans.; Coleccion de Libros y Documentos Referentes a la Historia del Peru, Vol. 3). https://ehrafworldcultures.yale.edu/document?id=se13-005

Rowe, J. H. (1946). Inca culture at the time of the Spanish conquest. In J. H. Steward (Ed.), Handbook of South American Indians: Vol. 2. The Andean civilizations (pp. 183-330). U.S. Government Printing Office. https://ehrafworldcultures.yale.edu/document?id=se13-001

Ziolkowski, M. (2015). Inca calendar. In C. L. N. Ruggles (Ed.), Handbook of archaeoastronomy and ethnoastronomy. Springer.

Zuidema, R. T. (1990). Inca civilization in Cuzco. University of Texas Press. https://ehrafworldcultures.yale.edu/document?id=se13-018"
SF05,SF05,NA,Aymara,South America,Horticulturalists,Aymara calendar,Excluded,Fully missing data on our six specific calendar units,"La Barre, W. (1948). The Aymara Indians of the Lake Titicaca Plateau (Memoirs of the American Anthropological Association No. 68). American Anthropological Association. https://ehrafworldcultures.yale.edu/document?id=sf05-003

Metraux, A. (1934). Contribution to Andean folklore (P. Reynolds, Trans.). Journal de la Societe des Americanistes, 26, 67-102. https://ehrafworldcultures.yale.edu/document?id=sf05-009"
SF10,SF10,NA,Chiriguano,South America,Other Subsistence Combinations,Chiriguano calendar,Excluded,Fully missing data on our six specific calendar units,"Nino, B. de. (1912). Chiriguano ethnography (S. Muirden, Trans.). Tipografia Comercial de Ismael Argote. https://ehrafworldcultures.yale.edu/cultures/sf10/documents/004

Nordenskiold, E. (1912). Indian life: The Gran Chaco (South America) (F. Schutze, Trans.). Albert Bonnier. https://ehrafworldcultures.yale.edu/cultures/sf10/documents/006"
SF21,SF21,NA,Sirionó,South America,Hunter-gatherers,Sirionó calendar,Included,Not excluded,"Holmberg, A. R. (1950). Nomads of the long bow: The Siriono of eastern Bolivia (Smithsonian Institution Institute of Social Anthropology Publication No. 10). U.S. Government Printing Office. https://ehrafworldcultures.yale.edu/cultures/sf21/documents/001"
SG04,SG04,NA,Mapuche,South America,Intensive Agriculturalists,Mapuche calendar,Excluded,Fully missing data on our six specific calendar units,"Cooper, J. M. (1946). The Araucanians. In J. H. Steward (Ed.), Handbook of South American Indians: Vol. 2. The Andean civilizations (Bureau of American Ethnology Bulletin No. 143, pp. 687-760). Smithsonian Institution. https://ehrafworldcultures.yale.edu/document?id=sg04-005

Hilger, M. I. (1957). Araucanian child life and its cultural background (Smithsonian Miscellaneous Collections, Vol. 133). Smithsonian Institution. https://ehrafworldcultures.yale.edu/document?id=sg04-010"
SH04,SH04,NA,Ona,South America,Hunter-gatherers,Ona calendar,Included,Not excluded,"Gusinde, M. (1931). The Fireland Indians: Vol. 1. The Selk'nam, on the life and thought of a hunting people of the Great Island of Tierra del Fuego (F. Schütze, Trans.). Verlag der Internationalen Zeitschrift ""Anthropos"". https://ehrafworldcultures.yale.edu/cultures/sh04/documents/001"
SH05,SH05,NA,Tehuelce,South America,Hunter-gatherers,Tehuelche calendar,Excluded,Fully missing data on our six specific calendar units,"Wilbert, J., & Simoneau, K. (Eds.). (1984). Folk literature of the Tehuelche Indians (Folk Literature of South American Indians, Vol. 59). UCLA Latin American Center Publications. https://ehrafworldcultures.yale.edu/document?id=sh05-007"
SH06,SH06,NA,Yahgan,South America,Hunter-gatherers,Yahgan calendar,Excluded,Partially missing data on some calendar units,"Cooper, J. M. (1946). The Yahgan. In J. H. Steward (Ed.), Handbook of South American Indians: Vol. 1. The marginal tribes (pp. 81-106). U.S. Government Printing Office. https://ehrafworldcultures.yale.edu/document?id=sh06-002

Gusinde, M. (1937). The Yahgan: The life and thought of the water nomads of Cape Horn (F. Schutze, Trans.; Die Feuerland-Indianer, Vol. 2). Anthropos-Bibliothek. https://ehrafworldcultures.yale.edu/document?id=sh06-001"
SI04,SI04,NA,Abipón,South America,Hunter-gatherers,Abipón calendar,Excluded,Fully missing data on our six specific calendar units,"Dobrizhoffer, M. (1822). An account of the Abipones, an equestrian people of Paraguay: Vol. 2 (S. Coleridge, Trans.). John Murray. https://ehrafworldcultures.yale.edu/document?id=si04-001"
SI07,SI07,NA,Mataco,South America,Primarily Hunter-gatherers,Mataco calendar,Excluded,Partially missing data on some calendar units,"Alvarsson, J.-A. (1988). The Mataco of the Gran Chaco: An ethnographic account of change and continuity in Mataco socio-economic organization (Uppsala Studies in Cultural Anthropology No. 11). Almqvist & Wiksell International. https://ehrafworldcultures.yale.edu/document?id=si07-009

Pelleschi, J. (1896). The Mataco Indians and their language (S. A. Lafone Quevedo, Trans.). Boletin del Instituto Geografico Argentino, 17, 559-622; 18, 173-350. https://ehrafworldcultures.yale.edu/document?id=si07-001"
SK06,SK06,NA,Chorote,South America,Hunter-gatherers,Chorote calendar,Excluded,Fully missing data on our six specific calendar units,"Rosen, E. von. (1924). Ethnographical research work during the Swedish Chaco-Cordillera Expedition, 1901-1902. C. E. Fritze. https://ehrafworldcultures.yale.edu/document?id=sk06-001"
SK15,SK15,NA,Enxet and Enhet,South America,Hunter-gatherers,Enxet and Enhet calendar,Excluded,Partially missing data on some calendar units,"Grubb, W. B. (1911). An unknown people in an unknown land: An account of the life and customs of the Lengua Indians of the Paraguayan Chaco, with adventures and experiences during twenty years' pioneering and exploration amongst them (H. T. M. Jones, Ed.). Seeley. https://ehrafworldcultures.yale.edu/document?id=sk15-001"
SM04,SM04,NA,Cayua (Guaraní),South America,Other Subsistence Combinations,Guaraní calendar,Included,Not excluded,"Ganson, B. A. (1994). Better not take my manioc: Guarani religion, society, and politics in the Jesuit missions of Paraguay [Doctoral dissertation, University of Texas at Austin]. UMI. https://ehrafworldcultures.yale.edu/document?id=sm04-008

Watson, J. B. (1952). Cayuá culture change: A study in acculturation and methodology (Memoirs of the American Anthropological Association No. 73). American Anthropological Association. https://ehrafworldcultures.yale.edu/document?id=sm04-003"
SO08,SO08,NA,Canela,South America,Primarily Hunter-gatherers,Canela calendar,Excluded,Partially missing data on some calendar units,"Crocker, W. H. (1990). The Canela (Eastern Timbira) I: An ethnographic introduction (Smithsonian Contributions to Anthropology No. 33). Smithsonian Institution Press. https://ehrafworldcultures.yale.edu/document?id=so08-005

Nimuendaju, C. (1946). The Eastern Timbira (R. H. Lowie, Ed. & Trans.; University of California Publications in American Archaeology and Ethnology, Vol. 41). University of California Press. https://ehrafworldcultures.yale.edu/document?id=so08-001"
SO09,SO09,NA,Tupinamba,South America,Primarily Hunter-gatherers,Tupinamba calendar,Excluded,Fully missing data on our six specific calendar units,"Claude d'Abbeville. (1614). History of the mission of the Capuchin Fathers on the Isle of Maragnan and the surrounding lands (A. Metraux & M. Coughlin, Trans.). Imprimerie de F. Huby. https://ehrafworldcultures.yale.edu/document?id=so09-006

Thevet, A. (1878). The peculiarities of French Antarctica, otherwise called (French) America: The islands discovered in our times (A. Metraux, Trans.). Maisonneuve. https://ehrafworldcultures.yale.edu/document?id=so09-002"
SP08,SP08,NA,Bororo,South America,Hunter-gatherers,Bororo calendar,Included,Not excluded,"Fabian, S. M. (1992). Space-time of the Bororo of Brazil. University Press of Florida. https://ehrafworldcultures.yale.edu/document?id=sp08-010"
SP09,SP09,NA,Karajá,South America,Primarily Hunter-gatherers,Karajá calendar,Excluded,Fully missing data on our six specific calendar units,"Krause, F. (1911). In the wilderness of Brazil: Report and results of the Leipzig Araguaia Expedition of 1908 (F. Schutze, Trans.). R. Voigtlanders Verlag. https://ehrafworldcultures.yale.edu/document?id=sp09-005"
SP17,SP17,NA,Nambicuara,South America,Primarily Hunter-gatherers,Nambicuara calendar,Excluded,Fully missing data on our six specific calendar units,"Levi-Strauss, C. (1948). Family and social life of the Nambikwara Indians (E. Sittler, Trans.). Societe des Americanistes. https://ehrafworldcultures.yale.edu/document?id=sp17-001

Levi-Strauss, C. (1948). The Nambicuara. In J. H. Steward (Ed.), Handbook of South American Indians: Vol. 3. The tropical forest tribes (Bureau of American Ethnology Bulletin No. 143, pp. 361-369). Smithsonian Institution. https://ehrafworldcultures.yale.edu/document?id=sp17-002"
SP22,SP22,NA,Tapirapé,South America,Other Subsistence Combinations,Tapirapé calendar,Excluded,Fully missing data on our six specific calendar units,"Wagley, C. (1940). World view of the Tapirape Indians. Journal of American Folklore, 53(210), 252-260. https://ehrafworldcultures.yale.edu/document?id=sp22-009"
SP23,SP23,NA,Trumai,South America,Primarily Hunter-gatherers,Trumai calendar,Excluded,Partially missing data on some calendar units,"Murphy, R. F., & Quain, B. H. (1955). The Trumai Indians of central Brazil (Monographs of the American Ethnological Society). J. J. Augustin. https://ehrafworldcultures.yale.edu/document?id=sp23-001"
SP26,SP26,NA,Xavante,South America,Primarily Hunter-gatherers,Xavante calendar,Excluded,Partially missing data on some calendar units,"Maybury-Lewis, D. (1967). Akwe-Shavante society. Clarendon Press. https://ehrafworldcultures.yale.edu/document?id=sp26-001"
SQ13,SQ13,NA,Mundurucu,South America,Primarily Hunter-gatherers,Mundurucu calendar,Excluded,Partially missing data on some calendar units,"Tocantins, A. M. G. (1877). Studies on the Mundurucu tribe (A. Brunel, Trans.). Revista Trimensal do Instituto Historico, Geographico e Ethnographico do Brazil, 40, 73-161. https://ehrafworldcultures.yale.edu/document?id=sq13-001"
SQ18,SQ18,NA,Yanoama,South America,Horticulturalists,Yanoama calendar,Excluded,Partially missing data on some calendar units,"Barker, J. (1953). Memoir on the culture of the Waica (S. Muirden, Trans.). Boletin Indigenista Venezolano, 1, 433-489. https://ehrafworldcultures.yale.edu/document?id=sq18-007"
SQ19,SQ19,NA,Tukano,South America,Other Subsistence Combinations,Tukano calendar,Included,Not excluded,"Bruzzi Alves da Silva, A. (1962). The indigenous civilization of the Uaupés (I. Lillios, Trans.). Centro de Pesquisas de Iauareté. https://ehrafworldcultures.yale.edu/document?id=sq19-004"
SR09,SR09,NA,Barama River Carib,South America,Primarily Hunter-gatherers,Carib calendar,Excluded,Partially missing data on some calendar units,"Gillin, J. (1936). The Barama River Caribs of British Guiana (Papers of the Peabody Museum of American Archaeology and Ethnology, Vol. 14, No. 2). Peabody Museum. https://ehrafworldcultures.yale.edu/document?id=sr09-001"
SR14,SR14,NA,Ndyuka,South America,Horticulturalists,Ndyuka calendar,Excluded,Partially missing data on some calendar units,"Hurault, J. (1961). The Boni refugee Blacks of French Guiana (J. Winchell, Trans.; Memoires de l'Institut Francais d'Afrique Noire No. 63). IFAN. https://ehrafworldcultures.yale.edu/document?id=sr14-006"
SS18,SS18,NA,Warao,South America,Hunter-gatherers,Warao calendar,Included,Not excluded,"Heinen, H. D. (1973). Adaptive changes in a tribal economy: A case study of the Winikina-Warao [Doctoral dissertation, University of California, Los Angeles]. University Microfilms. https://ehrafworldcultures.yale.edu/document?id=ss18-009

Turrado Moreno, Á. (1945). Ethnography of the Guarauno Indians (S. Muirden, Trans.; Cuadernos Verdes No. 71). Lit. y Tip. Vargas. https://ehrafworldcultures.yale.edu/document?id=ss18-006"
SS19,SS19,NA,Pume,South America,Other Subsistence Combinations,Pumé calendar,Excluded,Fully missing data on our six specific calendar units,"Kramer, K. L., & Greaves, R. D. (2007). Changing patterns of infant mortality and maternal fertility among Pume foragers and horticulturalists. American Anthropologist, 109(4), 713-726. https://ehrafworldcultures.yale.edu/document?id=ss19-012"
ST13,ST13,NA,Island Carib,Middle America and the Caribbean,Primarily Hunter-gatherers,Island Carib calendar,Excluded,Partially missing data on some calendar units,"Bouton, J. (1640). Concerning the savages called Caribs (M. B. McKusick & P. Verin, Trans.). In An account of the establishment of the French in the year 1635 on the Island of Martinique (pp. 105-130). Sebastien Cramoisy. https://ehrafworldcultures.yale.edu/document?id=st13-003

Breton, R. (1665). Carib-French dictionary (M. B. McKusick & P. Verin, Trans.). Gilles Bouquet. https://ehrafworldcultures.yale.edu/document?id=st13-002

Breton, R., & la Paix, A. de. (1929). An account of the Island of Guadaloupe (T. Turner, Trans.). In Histoire coloniale: Vol. 1 (pp. 45-74). Librairie Generale et Internationale. https://ehrafworldcultures.yale.edu/document?id=st13-001

Rouse, I. (1948). The Carib. In J. H. Steward (Ed.), Handbook of South American Indians: Vol. 4. The circum-Caribbean tribes (pp. 547-565). U.S. Government Printing Office. https://ehrafworldcultures.yale.edu/document?id=st13-005"
X1_A,NA,MR80,Ancient Egyptians,Africa,Intensive Agriculturalists,Egyptian civil calendar,Included,Not excluded,"Aldred, C. (1992). Egypt to the end of the Old Kingdom (Library of the Early Civilizations). Thames and Hudson. https://ehrafarchaeology.yale.edu/document?id=mr80-007

Clagett, M. (1995). Ancient Egyptian science: Vol. 2. Calendars, clocks, and astronomy. American Philosophical Society.

Depuydt, L. (1997). Civil calendar and lunar calendar in ancient Egypt. Peeters.

Egyptian calendar. (2026, February 2). In Wikipedia. https://en.wikipedia.org/wiki/Egyptian_calendar

Parker, R. A. (1974). Ancient Egyptian astronomy. Philosophical Transactions of the Royal Society of London. Series A, Mathematical and Physical Sciences, 276(1257), 51–65. https://doi.org/10.1098/rsta.1974.0009"
X1_B,NA,NA,Ancient Egyptians,Africa,Intensive Agriculturalists,Egyptian Protodynastic Lunar calendar,Excluded,Partially missing data on some calendar units,"Parker, R. A. (1974). Ancient Egyptian astronomy. Philosophical Transactions of the Royal Society of London. Series A, Mathematical and Physical Sciences, 276, 51-65."
X1_C,NA,NA,Ancient Egyptians,Africa,Intensive Agriculturalists,Egyptian New Lunar calendar,Excluded,Partially missing data on some calendar units,"Clagett, M. (1995). Ancient Egyptian science: Vol. 2. Calendars, clocks, and astronomy. American Philosophical Society.

Depuydt, L. (1997). Civil calendar and lunar calendar in ancient Egypt. Peeters.

Parker, R. A. (1974). Ancient Egyptian astronomy. Philosophical Transactions of the Royal Society of London. Series A, Mathematical and Physical Sciences, 276, 51-65."
X11_A,NA,NA,Nepalese,Asia,Intensive Agriculturalists,Solar Nepal Sambat,Included,Not excluded,"Nepal Sambat. (2025, August 12). In Wikipedia. https://en.wikipedia.org/wiki/Nepal_Sambat

Shrestha, B. G. (2015). To use or not to use: Nepal Samvat, the national era of Nepal. HIMALAYA: The Journal of the Association for Nepal and Himalayan Studies, 35(1), Article 14. https://digitalcommons.macalester.edu/himalaya/vol35/iss1/14"
X11_B,NA,NA,Nepalese,Asia,Intensive Agriculturalists,Lunar Nepal Sambat,Included,Not excluded,"Nepal Sambat. (2025, August 12). In Wikipedia. https://en.wikipedia.org/wiki/Nepal_Sambat

Ranjitkar, S. (n.d.). Nepal Sambat algorithm: A scientific dissection: Algorithm based on astronomy, physics and mathematics surrounding Nepal Sambat. Spiralogics.

Shrestha, B. G. (2015). To use or not to use: Nepal Samvat, the national era of Nepal. HIMALAYA: The Journal of the Association for Nepal and Himalayan Studies, 35(1), Article 14. https://digitalcommons.macalester.edu/himalaya/vol35/iss1/14"
X11_C,NA,NA,Nepalese,Asia,Intensive Agriculturalists,Nepalese Vikrami Sambat calendar,Included,Not excluded,"Nesbitt, E. (2005). Sikhism: A very short introduction. Oxford University Press.

Shrestha, B. G. (2015). To use or not to use: Nepal Samvat, the national era of Nepal. HIMALAYA: The Journal of the Association for Nepal and Himalayan Studies, 35(1), Article 14. https://digitalcommons.macalester.edu/himalaya/vol35/iss1/14

Vikram Samvat. (2026, March 25). In Wikipedia. https://en.wikipedia.org/wiki/Vikram_Samvat"
X13,NA,NA,French,Europe,Intensive Agriculturalists,French Republican calendar,Included,Not excluded,"Munro, A. (n.d.). French republican calendar. In Encyclopaedia Britannica. Retrieved August 21, 2025, from https://www.britannica.com/science/French-republican-calendar

Ozouf, M. (1989). Revolutionary calendar. In F. Furet & M. Ozouf (Eds.), A critical dictionary of the French Revolution (A. Goldhammer, Trans., pp. 538–547). Belknap Press.

Swedish calendar. (2025, August 21). In Wikipedia. https://en.wikipedia.org/wiki/Swedish_calendar"
X17,NA,NA,Sikhs,Asia,Intensive Agriculturalists,Mool Nanakshahi (2003 version) calendar,Excluded,Partially missing data on some calendar units,"Nanakshahi calendar. (2025, September 10). In Wikipedia. https://en.wikipedia.org/wiki/Nanakshahi_calendar"
X18,NA,AF52,Yellow River Bronze Age,Asia,Intensive Agriculturalists,Ancient Chinese calendar,Excluded,Partially missing data on some calendar units,"Jing, Z., Tang, J., Rapp, G. R., & Stoltman, J. B. (2013). Recent discoveries and some thoughts on early urbanization at Anyang. In A. P. Underhill (Ed.), A companion to Chinese archaeology (pp. 343-366). John Wiley & Sons. https://ehrafarchaeology.yale.edu/document?id=af52-003"
X19,NA,AF51,Yellow River Late Neolithic,Asia,Intensive Agriculturalists,Ancient Chinese calendar,Excluded,Fully missing data on our six specific calendar units,"He, N. (2013). The Longshan Period site of Taosi in southern Shanxi Province. In A. P. Underhill (Ed.), A companion to Chinese archaeology (pp. 255-277). John Wiley & Sons. https://ehrafarchaeology.yale.edu/document?id=af51-019"
X2,NA,NA,Western world,Europe,Commercial economy,Gregorian calendar,Included,Not excluded,"Dershowitz, N., & Reingold, E. M. (2018). Calendrical calculations: The ultimate edition (4th ed.). Cambridge University Press."
X20,NA,AQ45,Mature Indus,Asia,Intensive Agriculturalists,Indus Valley calendars,Excluded,Fully missing data on our six specific calendar units,"Kenoyer, J. M. (1998). Ancient cities of the Indus Valley civilization. Oxford University Press; American Institute of Pakistan Studies. https://ehrafarchaeology.yale.edu/document?id=aq45-003"
X21,NA,AQ47,Vedic,Asia,Intensive Agriculturalists,Vedic calendar,Excluded,Partially missing data on some calendar units,"Bryant, E. F. (2001). The quest for the origins of Vedic culture: The Indo-Aryan migration debate. Oxford University Press. https://ehrafarchaeology.yale.edu/document?id=aq47-007"
X22,NA,NU92,Central Mexico Classic,Middle America and the Caribbean,Intensive Agriculturalists,Teotihuacan calendar,Excluded,Fully missing data on our six specific calendar units,"Millon, R. (1981). Teotihuacan: City, state, and civilization. In J. A. Sabloff (Ed.), Supplement to the Handbook of Middle American Indians: Vol. 1. Archaeology (pp. 198-243). University of Texas Press. https://ehrafarchaeology.yale.edu/document?id=nu92-003"
X23,NA,NU93,Central Mexico Postclassic,Middle America and the Caribbean,Intensive Agriculturalists,Xochicalco calendar,Excluded,Fully missing data on our six specific calendar units,"Smith, V. G., & Hirth, K. (2000). A catalogue of carved monuments and a guide to the visual characteristics of Xochicalco's art style. In K. Hirth (Ed.), The Xochicalco Mapping Project: Vol. 2 (pp. 17-56). University of Utah Press. https://ehrafarchaeology.yale.edu/document?id=nu93-034"
X24,NA,NU95,Olmec,Middle America and the Caribbean,Other Subsistence Combinations,Olmec calendar,Excluded,Fully missing data on our six specific calendar units,"Bernal, I. (1969). The Olmec world. University of California Press. https://ehrafarchaeology.yale.edu/document?id=nu95-001

Coe, M. D. (1977). Olmec and Maya: A study in relationships. In R. E. W. Adams (Ed.), The origins of Maya civilization (pp. 183-195). University of New Mexico Press. https://ehrafarchaeology.yale.edu/document?id=ny52-035"
X25,NA,MH66,Akkadian,Middle East,Agro-Pastoralists,Akkadian calendar,Excluded,Fully missing data on our six specific calendar units,"Foster, B. R. (1993). Management and administration in the Sargonic period. In M. Liverani (Ed.), Akkad: The first world empire: Structure, ideology, traditions (History of the Ancient Near East Studies, Vol. 5, pp. 25-39). Sargon. https://ehrafarchaeology.yale.edu/document?id=mh66-003"
X27,NA,ND50,Proto-Athapaskans,North America,Hunter-gatherers,Proto-Athapaskan calendar,Excluded,Fully missing data on our six specific calendar units,"Shinkwin, A. D. (1979). Dakah de'nin's village and the Dixthada site: A contribution to northern Athapaskan prehistory (Mercury Series, Archaeological Survey of Canada Paper). National Museums of Canada. https://ehrafarchaeology.yale.edu/document?id=nd50-011"
X28,NA,NN64,Eastern Middle Woodland,North America,Primarily Hunter-gatherers,Eastern Middle Woodland calendar,Excluded,Fully missing data on our six specific calendar units,"Milanich, J. T., Cordell, A. S., Knight, V. J., Kohler, T. A., & Sigler-Lavelle, B. J. (1984). McKeithen Weeden Island: The culture of northern Florida, A.D. 200-900 (New World Archaeological Record). Academic Press. https://ehrafarchaeology.yale.edu/document?id=nn64-008"
X3,NA,NA,Muslims,Worldwide,Commercial economy,Islamic (Hijri) calendar,Included,Not excluded,"Dershowitz, N., & Reingold, E. M. (2018). Calendrical calculations: The ultimate edition (4th ed.). Cambridge University Press.

Islamic calendar. (2026, February 2). In Wikipedia. https://en.wikipedia.org/wiki/Islamic_calendar"
X30,NA,NT95,Early Anasazi,North America,Horticulturalists,Early Anasazi calendar,Excluded,Fully missing data on our six specific calendar units,"Lekson, S. H., Gillespie, W. B., & Windes, T. C. (1986). Great Pueblo architecture of Chaco Canyon, New Mexico. University of New Mexico Press. https://ehrafarchaeology.yale.edu/document?id=nt95-008"
X32,NA,SO06,Andean Regional Development,South America,Intensive Agriculturalists,Andean Regional Development calendar,Excluded,Fully missing data on our six specific calendar units,"Lumbreras, L. G. (1974). The regional development period: 100 B.C.-A.D. 700. In The peoples and cultures of ancient Peru (B. J. Meggers, Trans., pp. 94-149). Smithsonian Institution Press. https://ehrafarchaeology.yale.edu/document?id=s050-007"
X33,NA,SE75,Chimu,South America,Intensive Agriculturalists,Chimu calendar,Excluded,Fully missing data on our six specific calendar units,"Ramirez, S. E. (1990). The Inca conquest of the north coast: A historian's view. In M. E. Moseley & A. Cordy-Collins (Eds.), The northern dynasties: Kingship and statecraft in Chimor (pp. 507-537). Dumbarton Oaks Research Library and Collection. https://ehrafarchaeology.yale.edu/document?id=se75-035"
X34,NA,SE41,Coastal Andean Early Formative,South America,Intensive Agriculturalists,Huaca los Reyes calendar ,Excluded,Fully missing data on our six specific calendar units,"Pozorski, T. G. (2012). Caballo Muerto: A complex of early ceramic sites in the Moche Valley, Peru [Doctoral dissertation]. Xerox University Microfilms. https://ehrafarchaeology.yale.edu/document?id=se41-010"
X37,NA,SE65,Huari,South America,Agro-Pastoralists,Huari calendar,Excluded,Fully missing data on our six specific calendar units,"Anders, M. B. (1986). Wari experiments in statecraft: A view from Azangaro. In Andean archaeology: Papers in memory of Clifford Evans (pp. 201-244). Institute of Archaeology, University of California, Los Angeles. https://ehrafarchaeology.yale.edu/document?id=se65-001"
X38,NA,SE51,Nazca ,South America,Intensive Agriculturalists,Nazca calendar,Excluded,Fully missing data on our six specific calendar units,"Silverman, H., & Proulx, D. A. (2002). The Nasca (The Peoples of America). Blackwell. https://ehrafarchaeology.yale.edu/document?id=se51-006"
X39,NA,SF45,Tiahuanaco,South America,Agro-Pastoralists,Tiahuanaco calendar,Excluded,Fully missing data on our six specific calendar units,"Kolata, A. L. (1993). The Tiwanaku: Portrait of an Andean civilization (The Peoples of America). Blackwell. https://ehrafarchaeology.yale.edu/document?id=sf45-007"
X4_A,NA,NA,Hindus,Asia,Intensive Agriculturalists,Hindu (Panchanga) calendar,Included,Not excluded,"Dershowitz, N., & Reingold, E. M. (2018). Calendrical calculations: The ultimate edition (4th ed.). Cambridge University Press.

Hindu calendar. (2026, February 2). In Wikipedia. https://en.wikipedia.org/wiki/Hindu_calendar"
X4_B,NA,NA,Hindus,Asia,Intensive Agriculturalists,Hindu Saura calendar,Excluded,Partially missing data on some calendar units,"Dershowitz, N., & Reingold, E. M. (2018). Calendrical calculations: The ultimate edition (4th ed.). Cambridge University Press."
X40,NA,NA,Batak,Oceania,Other Subsistence Combinations,Batak calendar,Excluded,Partially missing data on some calendar units,"Gislen, L., & Eade, J. C. (2019). The calendars of Southeast Asia. 4: Malaysia and Indonesia. Journal of Astronomical History and Heritage, 22(3), 447-457. https://doi.org/10.3724/SP.J.1440-2807.2019.03.06"
X41,NA,NA,Borana,Africa,Agro-Pastoralists,Borana calendar,Included,Not excluded,"Bassi, M. (1988). On the Borana calendrical system: A preliminary field report. Current Anthropology, 29(4), 619–624. https://doi.org/10.1086/203682

Doyle, L. R. (1986). The Borana calendar reinterpreted. Current Anthropology, 27(3), 286–287. https://doi.org/10.1086/203431

Ruggles, C. L. N. (1987). The Borana calendar: Some observations. Journal for the History of Astronomy, 18(11), S35–S53. https://doi.org/10.1177/002182868701801103

Ruggles, C. L. N. (2014). Mursi and Borana calendars. In C. L. N. Ruggles (Ed.), Handbook of archaeoastronomy and ethnoastronomy (pp. 1046–1048). Springer. https://doi.org/10.1007/978-1-4614-6141-8_100

Tablino, P. (1994). The reckoning of time by the Borana hayyantu. Rassegna di Studi Etiopici, 38, 191–205."
X42,NA,NA,Mursi,Africa,Agro-Pastoralists,Mursi calendar,Excluded,Fully missing data on our six specific calendar units,"Ruggles, C. L. N. (2014). Mursi and Borana calendars. In C. L. N. Ruggles (Ed.), Handbook of archaeoastronomy and ethnoastronomy (pp. 1046-1048). Springer. https://doi.org/10.1007/978-1-4614-6141-8_100"
X45,NA,NA,Muisca,South America,Intensive Agriculturalists,Muisca calendar,Excluded,Partially missing data on some calendar units,"Izquierdo Pena, M. A. (2009). The Muisca calendar: An approximation to the timekeeping system of the ancient native people of the northeastern Andes of Colombia [Doctoral dissertation, Universite de Montreal].

Ocampo Lopez, J. (2007). Grandes culturas indigenas de America [Great indigenous cultures of the Americas]. Plaza & Janes Editores Colombia."
X46,NA,NA,Jains,Asia,Intensive Agriculturalists,Jain calendar,Excluded,Partially missing data on some calendar units,"Das, S. R. (1933). The Jaina calendar. Isis, 18(3), 432-437. https://www.jstor.org/stable/224463

Vira Nirvana Samvat. (2025, September 10). In Wikipedia. https://en.wikipedia.org/wiki/Vira_Nirvana_Samvat"
X47,NA,NA,Mizo people (Lushais),Asia,Intensive Agriculturalists,Mizo calendar,Excluded,Partially missing data on some calendar units,"Mizo calendar. (2025, September 10). In Wikipedia. https://en.wikipedia.org/wiki/Mizo_calendar"
X48,NA,NA,Indian people,Asia,Commercial economy,Indian Śaka calendar,Excluded,Partially missing data on some calendar units,"Gislen, L., & Eade, J. C. (2019). The calendars of Southeast Asia. 4: Malaysia and Indonesia. Journal of Astronomical History and Heritage, 22(3), 447-457. https://doi.org/10.3724/SP.J.1440-2807.2019.03.06"
X49,NA,NA,Yami (Tao),Asia,Other Subsistence Combinations,Yami calendar,Excluded,Fully missing data on our six specific calendar units,"Leach, E. R. (1950). Primitive calendars. Oceania, 20(4), 245-262."
X5,NA,NA,Baháʼís,Worldwide,Commercial economy,Bahá'í calendar,Included,Not excluded,"Dershowitz, N., & Reingold, E. M. (2018). Calendrical calculations: The ultimate edition (4th ed.). Cambridge University Press.

Baháʼí calendar. (2026, February 5). In Wikipedia. https://en.wikipedia.org/wiki/Bah%C3%A1%CA%BC%C3%AD_calendar"
X50,NA,NA,Kaguru,Africa,Horticulturalists,Kaguru calendar,Excluded,Partially missing data on some calendar units,"Beidelman, T. O. (1963). Kaguru time reckoning: An aspect of the cosmology of an East African people. Southwestern Journal of Anthropology, 19(1), 9-20."
X51,NA,NA,Guahibo,South America,Other Subsistence Combinations,Guahibo calendar,Included,Not excluded,"Morey, R. V. (1971). Guahibo time-reckoning. Anthropological Quarterly, 44(1), 22–36. https://doi.org/10.2307/3316813"
X52,NA,NA,Fais islanders,Oceania,Other Subsistence Combinations,Fais islanders calendar,Included,Not excluded,"Rubenstein, D. H. (1978). Fixing flaws in a cognitive model: A note on calendrical knowledge in the Caroline Islands. The Journal of the Polynesian Society, 87(4), 339–342."
X53,NA,NA,Galela,Oceania,Other Subsistence Combinations,Galela calendar,Included,Not excluded,"Yoshida, S. (1980). Time reckoning. In N. Ishige (Ed.), The Galela of Halmahera: A preliminary survey (Senri Ethnological Studies No. 7, pp. 89–107). National Museum of Ethnology."
X54,NA,NA,Northern Thai,Asia,Intensive Agriculturalists,Northern Thai calendar,Included,Not excluded,"Davis, R. (1976). The northern Thai calendar and its uses. Anthropos, 71(1/2), 3–32.

Tannenbaum, N. (1984). Shan calendrics and the nature of Shan religion. Anthropos, 79(4/6), 505–515."
X6,NA,NA,Ancient Amorites,Middle East,Agro-Pastoralists,Pentecontad calendar,Included,Not excluded,"Beckwith, R. T. (2005). Calendar, chronology and worship: Studies in ancient Judaism and early Christianity. Brill.

Morgenstern, J. (1955). The calendar of the Book of Jubilees, its origin and its character. Vetus Testamentum, 5(1), 34–76. https://doi.org/10.2307/1515767

Pentecontad calendar. (2026, February 5). In Wikipedia. https://en.wikipedia.org/wiki/Pentecontad_calendar

Zerubavel, E. (1989). The seven day circle: The history and meaning of the week. University of Chicago Press. (Original work published 1985)"
X7,NA,NA,Ancient Hasmoneans,Middle East,Intensive Agriculturalists,Qumran calendar,Included,Not excluded,"Stern, S. (2011). Qumran calendars and sectarianism. In J. J. Collins & T. H. Lim (Eds.), The Oxford handbook of the Dead Sea Scrolls (pp. 232–253). Oxford University Press."
X8,NA,NA,Eastern Orthodox Church,Europe,Intensive Agriculturalists,Byzantine calendar,Included,Not excluded,"Rautman, M. L. (2006). Daily life in the Byzantine Empire. Greenwood Press."